"provinces","election_units","candidates","n_ballots","percentage"
"HÀ NỘI","Gồm các quận: Ba Đình, Hoàn Kiếm và Tây Hồ","Ông Nguyễn Phú Trọng","356780","86.47"
"HÀ NỘI","Gồm các quận: Ba Đình, Hoàn Kiếm và Tây Hồ","Ông Nguyễn Doãn Anh","299827","72.67"
"HÀ NỘI","Gồm các quận: Ba Đình, Hoàn Kiếm và Tây Hồ","Bà Trần Thị Phương Hoa","274606","66.56"
"HÀ NỘI","Gồm các quận: Ba Đình, Hoàn Kiếm và Tây Hồ","Ông Phạm Xuân Anh","151978","36.83"
"HÀ NỘI","Gồm các quận: Ba Đình, Hoàn Kiếm và Tây Hồ","Ông Phan Thanh Chung","144577","35.04"
"HÀ NỘI","Gồm các quận: Đống Đa và Hai Bà Trưng","Ông Trần Việt Khoa","328598","69.08"
"HÀ NỘI","Gồm các quận: Đống Đa và Hai Bà Trưng","Ông Hoàng Văn Cường","310251","65.22"
"HÀ NỘI","Gồm các quận: Đống Đa và Hai Bà Trưng","Ông Nguyễn Quang Tuấn","304590","64.03"
"HÀ NỘI","Gồm các quận: Đống Đa và Hai Bà Trưng","Ông Hoàng Châu Sơn","240203","50.50"
"HÀ NỘI","Gồm các quận: Đống Đa và Hai Bà Trưng","Ông Nguyễn Hồng Sơn","222315","46.74"
"HÀ NỘI","Gồm các quận: Hà Đông, Thanh Xuân và Cầu Giấy","Ông Nguyễn Phi Thường","391445","72.78"
"HÀ NỘI","Gồm các quận: Hà Đông, Thanh Xuân và Cầu Giấy","Bà Nguyễn Thị Bích Ngọc","389938","72.50"
"HÀ NỘI","Gồm các quận: Hà Đông, Thanh Xuân và Cầu Giấy","Bà Đào Tú Hoa","293698","54.61"
"HÀ NỘI","Gồm các quận: Hà Đông, Thanh Xuân và Cầu Giấy","Ông Nguyễn Hữu Thỉnh","277721","51.64"
"HÀ NỘI","Gồm các quận: Hà Đông, Thanh Xuân và Cầu Giấy","Ông Tạ Văn Thảo","236420","43.96"
"HÀ NỘI","Gồm quận Hoàng Mai và các huyện: Thanh Trì, Gia Lâm","Ông Nguyễn Hữu Chính","443055","74.71"
"HÀ NỘI","Gồm quận Hoàng Mai và các huyện: Thanh Trì, Gia Lâm","Ông Lê Quân","392491","66.18"
"HÀ NỘI","Gồm quận Hoàng Mai và các huyện: Thanh Trì, Gia Lâm","Bà Dương Minh Ánh","358073","60.38"
"HÀ NỘI","Gồm quận Hoàng Mai và các huyện: Thanh Trì, Gia Lâm","Ông Đàm Hữu Đắc","288769","48.69"
"HÀ NỘI","Gồm quận Hoàng Mai và các huyện: Thanh Trì, Gia Lâm","Ông Nguyễn Hữu Ninh","275560","46.47"
"HÀ NỘI","Gồm các quận Bắc Từ Liêm, Nam Từ Liêm và các huyện: Đan Phượng, Hoài Đức","Bà Nguyễn Thị Nguyệt Hường","427836","78.51"
"HÀ NỘI","Gồm các quận Bắc Từ Liêm, Nam Từ Liêm và các huyện: Đan Phượng, Hoài Đức","Ông Đỗ Đức Hồng Hà","417935","76.69"
"HÀ NỘI","Gồm các quận Bắc Từ Liêm, Nam Từ Liêm và các huyện: Đan Phượng, Hoài Đức","Ông Đào Thanh Hải","403473","74.04"
"HÀ NỘI","Gồm các quận Bắc Từ Liêm, Nam Từ Liêm và các huyện: Đan Phượng, Hoài Đức","Bà Lê Phương Linh","190742","35"
"HÀ NỘI","Gồm các quận Bắc Từ Liêm, Nam Từ Liêm và các huyện: Đan Phượng, Hoài Đức","Bà Nguyễn Thị Thanh","178324","32.72"
"HÀ NỘI","Gồm các huyện: Ứng Hòa, Mỹ Đức, Phú Xuyên và Thường Tín","Bà Trần Thị Quốc Khánh","412570","71.41"
"HÀ NỘI","Gồm các huyện: Ứng Hòa, Mỹ Đức, Phú Xuyên và Thường Tín","Bà Nguyễn Thị Lan","390714","67.62"
"HÀ NỘI","Gồm các huyện: Ứng Hòa, Mỹ Đức, Phú Xuyên và Thường Tín","Ông Nguyễn Văn Chiến (Nguyễn Chiến)","324651","56.19"
"HÀ NỘI","Gồm các huyện: Ứng Hòa, Mỹ Đức, Phú Xuyên và Thường Tín","Ông Lê Vĩnh Sơn","303336","52.50"
"HÀ NỘI","Gồm các huyện: Ứng Hòa, Mỹ Đức, Phú Xuyên và Thường Tín","Ông Phan Xuân Tuy","274011","47.43"
"HÀ NỘI","Gồm các huyện: Quốc Oai, Chương Mỹ và Thanh Oai","Ông Nguyễn Quốc Bình","336913","67.78"
"HÀ NỘI","Gồm các huyện: Quốc Oai, Chương Mỹ và Thanh Oai","Ông Nguyễn Quốc Hưng","306104","61.58"
"HÀ NỘI","Gồm các huyện: Quốc Oai, Chương Mỹ và Thanh Oai","Ông Dương Quang Thành","294631","59.27"
"HÀ NỘI","Gồm các huyện: Quốc Oai, Chương Mỹ và Thanh Oai","Bà Bùi Thị An","266104","53.53"
"HÀ NỘI","Gồm các huyện: Quốc Oai, Chương Mỹ và Thanh Oai","Bà Lê Thị Oanh","262302","52.77"
"HÀ NỘI","Gồm thị xã Sơn Tây và các huyện: Ba Vì, Phúc Thọ, Thạch Thất","Ông Hoàng Trung Hải","520972","87.16"
"HÀ NỘI","Gồm thị xã Sơn Tây và các huyện: Ba Vì, Phúc Thọ, Thạch Thất","Ông Ngọ Duy Hiểu","432365","72.34"
"HÀ NỘI","Gồm thị xã Sơn Tây và các huyện: Ba Vì, Phúc Thọ, Thạch Thất","Ông Nguyễn Văn Được","376146","62.93"
"HÀ NỘI","Gồm thị xã Sơn Tây và các huyện: Ba Vì, Phúc Thọ, Thạch Thất","Ông Trần Danh Lợi","258754","43.29"
"HÀ NỘI","Gồm thị xã Sơn Tây và các huyện: Ba Vì, Phúc Thọ, Thạch Thất","Bà Bạch Tố Uyên","186042","31.13"
"HÀ NỘI","Gồm quận Long Biên và huyện Đông Anh","Bà Vũ Thị Lưu Mai","318741","75.10"
"HÀ NỘI","Gồm quận Long Biên và huyện Đông Anh","Ông Phạm Quang Thanh","296106","69.77"
"HÀ NỘI","Gồm quận Long Biên và huyện Đông Anh","Ông Nguyễn Anh Trí","281218","66.26"
"HÀ NỘI","Gồm quận Long Biên và huyện Đông Anh","Bà Phạm Thị Thu Thủy","193894","45.68"
"HÀ NỘI","Gồm quận Long Biên và huyện Đông Anh","Bà Nguyễn Thị Bích Ngọc","170334","40.13"
"HÀ NỘI","Gồm các huyện: Sóc Sơn và Mê Linh","Ông Nguyễn Văn Thắng","277017","72.56"
"HÀ NỘI","Gồm các huyện: Sóc Sơn và Mê Linh","Bà Bùi Huyền Mai","233934","61.27"
"HÀ NỘI","Gồm các huyện: Sóc Sơn và Mê Linh","Ông Đặng Minh Châu (Hòa thượng Thích Bảo Nghiêm)","231545","60.65"
"HÀ NỘI","Gồm các huyện: Sóc Sơn và Mê Linh","Bà Trần Thị Thanh Nhàn","212293","55.61"
"HÀ NỘI","Gồm các huyện: Sóc Sơn và Mê Linh","Bà Nguyễn Thị Bích","119960","31.42"
"HỒ CHÍ MINH","Gồm quận 1, quận 3 và quận 4","Ông Trần Đại Quang","293079","75.08"
"HỒ CHÍ MINH","Gồm quận 1, quận 3 và quận 4","Ông Ngô Tuấn Nghĩa","236576","60.60"
"HỒ CHÍ MINH","Gồm quận 1, quận 3 và quận 4","Ông Lâm Đình Thắng","233880","59.91"
"HỒ CHÍ MINH","Gồm quận 1, quận 3 và quận 4","Ông Trần Đông A","220208","56.41"
"HỒ CHÍ MINH","Gồm quận 1, quận 3 và quận 4","Bà Đặng Thị Thúy Dung","162324","41.58"
"HỒ CHÍ MINH","Gồm quận 7 và các huyện: Nhà Bè, Cần Giờ","Ông Nguyễn Minh Hoàng","231470","66.97"
"HỒ CHÍ MINH","Gồm quận 7 và các huyện: Nhà Bè, Cần Giờ","Bà Tô Thị Bích Châu","220409","63.77"
"HỒ CHÍ MINH","Gồm quận 7 và các huyện: Nhà Bè, Cần Giờ","Ông Dương Ngọc Hải","207196","59.95"
"HỒ CHÍ MINH","Gồm quận 7 và các huyện: Nhà Bè, Cần Giờ","Ông Đoàn Văn Thanh","186100","53.84"
"HỒ CHÍ MINH","Gồm quận 7 và các huyện: Nhà Bè, Cần Giờ","Ông Trương Quốc Hưng","168921","48.87"
"HỒ CHÍ MINH","Gồm quận 6 và quận Bình Tân","Ông Nguyễn Phước Lộc","344333","63.45"
"HỒ CHÍ MINH","Gồm quận 6 và quận Bình Tân","Bà Phan Thị Bình Thuận","332509","61.27"
"HỒ CHÍ MINH","Gồm quận 6 và quận Bình Tân","Ông Lâm Quang Đại","327601","60.36"
"HỒ CHÍ MINH","Gồm quận 6 và quận Bình Tân","Ông Diệp Dũng","304446","56.10"
"HỒ CHÍ MINH","Gồm quận 6 và quận Bình Tân","Bà Triệu Lệ Khánh","296816","54.69"
"HỒ CHÍ MINH","Gồm quận 5, quận 10 và quận 11","Ông Lê Minh Trí","331790","70.48"
"HỒ CHÍ MINH","Gồm quận 5, quận 10 và quận 11","Ông Huỳnh Thành Đạt","324343","68.90"
"HỒ CHÍ MINH","Gồm quận 5, quận 10 và quận 11","Ông Phạm Phú Quốc","253936","53.94"
"HỒ CHÍ MINH","Gồm quận 5, quận 10 và quận 11","Ông Lâm Thiếu Quân","251626","53.45"
"HỒ CHÍ MINH","Gồm quận 5, quận 10 và quận 11","Bà Vương Thanh Liễu","217947","46.30"
"HỒ CHÍ MINH","Gồm quận Tân Bình và quận Tân Phú","Bà Trần Kim Yến","321816","67.42"
"HỒ CHÍ MINH","Gồm quận Tân Bình và quận Tân Phú","Ông Nguyễn Văn Chương","284039","59.50"
"HỒ CHÍ MINH","Gồm quận Tân Bình và quận Tân Phú","Ông Nguyễn Đức Sáu","273927","57.39"
"HỒ CHÍ MINH","Gồm quận Tân Bình và quận Tân Phú","Ông Đỗ Văn Đương","269884","56.54"
"HỒ CHÍ MINH","Gồm quận Tân Bình và quận Tân Phú","Ông Trần Quang Vinh (Linh mục Trần Quang Vinh)","257393","53.92"
"HỒ CHÍ MINH","Gồm quận Bình Thạnh và quận Phú Nhuận","Ông Trương Trọng Nghĩa","281212","67.89"
"HỒ CHÍ MINH","Gồm quận Bình Thạnh và quận Phú Nhuận","Ông Nguyễn Việt Dũng","268931","64.93"
"HỒ CHÍ MINH","Gồm quận Bình Thạnh và quận Phú Nhuận","Bà Phạm Khánh Phong Lan","262319","63.33"
"HỒ CHÍ MINH","Gồm quận Bình Thạnh và quận Phú Nhuận","Ông Nguyễn Phú Bình","218257","52.69"
"HỒ CHÍ MINH","Gồm quận Bình Thạnh và quận Phú Nhuận","Ông Vũ Văn Chiến","187661","45.31"
"HỒ CHÍ MINH","Gồm quận 2, quận 9 và quận Thủ Đức","Bà Nguyễn Thị Quyết Tâm","462220","76.37"
"HỒ CHÍ MINH","Gồm quận 2, quận 9 và quận Thủ Đức","Ông Phan Nguyễn Như Khuê","399409","66"
"HỒ CHÍ MINH","Gồm quận 2, quận 9 và quận Thủ Đức","Bà Trịnh Ngọc Thúy","328498","54.28"
"HỒ CHÍ MINH","Gồm quận 2, quận 9 và quận Thủ Đức","Ông Trần Việt Anh","310391","51.29"
"HỒ CHÍ MINH","Gồm quận 2, quận 9 và quận Thủ Đức","Ông Lương Phan Cừ","278941","46.09"
"HỒ CHÍ MINH","Gồm quận 12 và quận Gò Vấp","Bà Nguyễn Thị Yến (Ni sư Thích nữ Tín Liên)","457431","65.75"
"HỒ CHÍ MINH","Gồm quận 12 và quận Gò Vấp","Ông Nguyễn Minh Đức","432839","62.21"
"HỒ CHÍ MINH","Gồm quận 12 và quận Gò Vấp","Bà Trần Thị Diệu Thúy","411179","59.10"
"HỒ CHÍ MINH","Gồm quận 12 và quận Gò Vấp","Ông Phan Minh Tân","399464","57.42"
"HỒ CHÍ MINH","Gồm quận 12 và quận Gò Vấp","Ông Phạm Lương Sơn","342244","49.19"
"HỒ CHÍ MINH","Gồm các huyện: Củ Chi và Hóc Môn","Ông Đinh La Thăng","509447","85.02"
"HỒ CHÍ MINH","Gồm các huyện: Củ Chi và Hóc Môn","Bà Văn Thị Bạch Tuyết","363106","60.60"
"HỒ CHÍ MINH","Gồm các huyện: Củ Chi và Hóc Môn","Ông Trần Anh Tuấn","318090","53.09"
"HỒ CHÍ MINH","Gồm các huyện: Củ Chi và Hóc Môn","Bà Ngô Thị Phương Lan","310378","51.80"
"HỒ CHÍ MINH","Gồm các huyện: Củ Chi và Hóc Môn","Ông Bùi Quang Huy","275132","45.92"
"HỒ CHÍ MINH","Gồm quận 8 và huyện Bình Chánh","Ông Trần Hoàng Ngân","434709","71.77"
"HỒ CHÍ MINH","Gồm quận 8 và huyện Bình Chánh","Ông Phan Thanh Bình","388691","64.17"
"HỒ CHÍ MINH","Gồm quận 8 và huyện Bình Chánh","Ông Ngô Minh Châu","382667","63.18"
"HỒ CHÍ MINH","Gồm quận 8 và huyện Bình Chánh","Bà Nguyễn Thị Hồng Chương","331883","54.80"
"HỒ CHÍ MINH","Gồm quận 8 và huyện Bình Chánh","Bà Lã Thị Lan","250326","41.33"
"HẢI PHÒNG","Gồm các quận: Hồng Bàng, Lê Chân và các huyện: Thủy Nguyên, Cát Hải, Bạch Long Vỹ","Ông Nguyễn Trọng Bình","443426","85.85"
"HẢI PHÒNG","Gồm các quận: Hồng Bàng, Lê Chân và các huyện: Thủy Nguyên, Cát Hải, Bạch Long Vỹ","Ông Nghiêm Vũ Khải","399221","77.29"
"HẢI PHÒNG","Gồm các quận: Hồng Bàng, Lê Chân và các huyện: Thủy Nguyên, Cát Hải, Bạch Long Vỹ","Ông Bùi Thanh Tùng","397388","76.94"
"HẢI PHÒNG","Gồm các quận: Hồng Bàng, Lê Chân và các huyện: Thủy Nguyên, Cát Hải, Bạch Long Vỹ","Bà Phạm Thị Thúy Hải","164798","31.91"
"HẢI PHÒNG","Gồm các quận: Hồng Bàng, Lê Chân và các huyện: Thủy Nguyên, Cát Hải, Bạch Long Vỹ","Bà Phạm Thị Hương Xuân","131516","25.46"
"HẢI PHÒNG","Gồm các quận: Ngô Quyền, Hải An, Dương Kinh và các huyện: An Dương, Kiến Thụy","Bà Nguyễn Thị Nghĩa","390499","82.90"
"HẢI PHÒNG","Gồm các quận: Ngô Quyền, Hải An, Dương Kinh và các huyện: An Dương, Kiến Thụy","Ông Nguyễn Hữu Thuận (Thuận Hữu)","376211","79.86"
"HẢI PHÒNG","Gồm các quận: Ngô Quyền, Hải An, Dương Kinh và các huyện: An Dương, Kiến Thụy","Ông Đỗ Văn Bình","354634","75.28"
"HẢI PHÒNG","Gồm các quận: Ngô Quyền, Hải An, Dương Kinh và các huyện: An Dương, Kiến Thụy","Bà Nguyễn Thị Huệ Chi","148652","31.56"
"HẢI PHÒNG","Gồm các quận: Ngô Quyền, Hải An, Dương Kinh và các huyện: An Dương, Kiến Thụy","Ông Nguyễn Đình Vinh","134271","28.50"
"HẢI PHÒNG","Gồm các quận: Kiến An, Đồ Sơn và các huyện: An Lão, Tiên Lãng, Vĩnh Bảo","Ông Nguyễn Xuân Phúc","476357","99.48"
"HẢI PHÒNG","Gồm các quận: Kiến An, Đồ Sơn và các huyện: An Lão, Tiên Lãng, Vĩnh Bảo","Ông Mai Hồng Hải","372330","77.75"
"HẢI PHÒNG","Gồm các quận: Kiến An, Đồ Sơn và các huyện: An Lão, Tiên Lãng, Vĩnh Bảo","Ông Lã Thanh Tân","332075","69.35"
"HẢI PHÒNG","Gồm các quận: Kiến An, Đồ Sơn và các huyện: An Lão, Tiên Lãng, Vĩnh Bảo","Bà Trần Thu Nga","138555","28.93"
"HẢI PHÒNG","Gồm các quận: Kiến An, Đồ Sơn và các huyện: An Lão, Tiên Lãng, Vĩnh Bảo","Ông Trần Thế Tiến","104683","21.86"
"ĐÀ NẴNG","Gồm các quận: Hải Châu, Thanh Khê và Cẩm Lệ","Ông Đinh Thế Huynh","292667","85.71"
"ĐÀ NẴNG","Gồm các quận: Hải Châu, Thanh Khê và Cẩm Lệ","Ông Nguyễn Bá Sơn","238275","69.78"
"ĐÀ NẴNG","Gồm các quận: Hải Châu, Thanh Khê và Cẩm Lệ","Bà Võ Thị Như Hoa","213981","62.67"
"ĐÀ NẴNG","Gồm các quận: Hải Châu, Thanh Khê và Cẩm Lệ","Bà Nguyễn Thị Thanh Bình","141548","41.45"
"ĐÀ NẴNG","Gồm các quận: Hải Châu, Thanh Khê và Cẩm Lệ","Bà Lê Thị Minh Thảo","127415","37.31"
"ĐÀ NẴNG","Gồm các quận: Sơn Trà, Ngũ Hành Sơn, Liên Chiểu và các huyện: Hoàng Sa, Hòa Vang","Bà Nguyễn Thị Kim Thúy","253143","72.36"
"ĐÀ NẴNG","Gồm các quận: Sơn Trà, Ngũ Hành Sơn, Liên Chiểu và các huyện: Hoàng Sa, Hòa Vang","Ông Nguyễn Thanh Quang","247836","70.84"
"ĐÀ NẴNG","Gồm các quận: Sơn Trà, Ngũ Hành Sơn, Liên Chiểu và các huyện: Hoàng Sa, Hòa Vang","Bà Ngô Thị Kim Yến","231082","66.05"
"ĐÀ NẴNG","Gồm các quận: Sơn Trà, Ngũ Hành Sơn, Liên Chiểu và các huyện: Hoàng Sa, Hòa Vang","Bà Kiều Thị Thanh Trang","155237","44.37"
"ĐÀ NẴNG","Gồm các quận: Sơn Trà, Ngũ Hành Sơn, Liên Chiểu và các huyện: Hoàng Sa, Hòa Vang","Ông Nguyễn Hoàng Giang","151953","43.43"
"CẦN THƠ","Gồm các quận: Ninh Kiều, Cái Răng và huyện Phong Điền","Bà Nguyễn Thị Kim Ngân","308683","91.46"
"CẦN THƠ","Gồm các quận: Ninh Kiều, Cái Răng và huyện Phong Điền","Ông Nguyễn Thanh Phương","212128","62.85"
"CẦN THƠ","Gồm các quận: Ninh Kiều, Cái Răng và huyện Phong Điền","Ông Nguyễn Thanh Xuân","205850","60.99"
"CẦN THƠ","Gồm các quận: Ninh Kiều, Cái Răng và huyện Phong Điền","Ông Đào Như (Hòa thượng Đào Như (Chóp))","143916","42.64"
"CẦN THƠ","Gồm các quận: Ninh Kiều, Cái Răng và huyện Phong Điền","Bà Đỗ Thị Tuyết Nhung","132161","39.16"
"CẦN THƠ","Gồm các quận: Bình Thủy, Ô Môn và huyện Thới Lai","Ông Trần Quốc Trung","216802","74.35"
"CẦN THƠ","Gồm các quận: Bình Thủy, Ô Môn và huyện Thới Lai","Ông Ngô Trung Quân","143153","49.09"
"CẦN THƠ","Gồm các quận: Bình Thủy, Ô Môn và huyện Thới Lai","Ông Nguyễn Văn Quyền","137393","47.12"
"CẦN THƠ","Gồm các quận: Bình Thủy, Ô Môn và huyện Thới Lai","Bà Đào Thị Sa Ron","82337","28.24"
"CẦN THƠ","Gồm quận Thốt Nốt và các huyện: Vĩnh Thạnh, Cờ Đỏ","Ông Trần Thanh Mẫn","253115","76.24"
"CẦN THƠ","Gồm quận Thốt Nốt và các huyện: Vĩnh Thạnh, Cờ Đỏ","Bà Trần Thị Vĩnh Nghi","162271","48.88"
"CẦN THƠ","Gồm quận Thốt Nốt và các huyện: Vĩnh Thạnh, Cờ Đỏ","Ông Cao Minh Chu","125288","37.74"
"CẦN THƠ","Gồm quận Thốt Nốt và các huyện: Vĩnh Thạnh, Cờ Đỏ","Bà Nguyễn Thúy Kiều Tiên","114261","34.42"
"CẦN THƠ","Gồm các quận: Bình Thủy, Ô Môn và huyện Thới Lai","Ông Nguyễn Văn Quyền","160819","55.11"
"CẦN THƠ","Gồm các quận: Bình Thủy, Ô Môn và huyện Thới Lai","Ông Ngô Trung Quân","75797","25.98"
"CẦN THƠ","Gồm các quận: Bình Thủy, Ô Môn và huyện Thới Lai","Bà Đào Thị Sa Ron","55187","18.91"
"CẦN THƠ","Gồm quận Thốt Nốt và các huyện: Vĩnh Thạnh, Cờ Đỏ","Bà Trần Thị Vĩnh Nghi","178655","53.84"
"CẦN THƠ","Gồm quận Thốt Nốt và các huyện: Vĩnh Thạnh, Cờ Đỏ","Ông Cao Minh Chu","99918","30.11"
"CẦN THƠ","Gồm quận Thốt Nốt và các huyện: Vĩnh Thạnh, Cờ Đỏ","Bà Nguyễn Thúy Kiều Tiên","53228","16.04"
"AN GIANG","Gồm thành phố Long Xuyên và huyện Thoại Sơn","Bà Võ Thị Ánh Xuân","291718","81.46"
"AN GIANG","Gồm thành phố Long Xuyên và huyện Thoại Sơn","Ông Nguyễn Mai Bộ","252435","70.49"
"AN GIANG","Gồm thành phố Long Xuyên và huyện Thoại Sơn","Bà Lê Lâm Thanh","92503","25.83"
"AN GIANG","Gồm thành phố Long Xuyên và huyện Thoại Sơn","Bà Bùi Thị Dung","74064","20.68"
"AN GIANG","Gồm các huyện: Châu Phú và Châu Thành","Bà Mai Thị Ánh Tuyết","218388","69.35"
"AN GIANG","Gồm các huyện: Châu Phú và Châu Thành","Ông Nguyễn Lân Hiếu","200353","63.62"
"AN GIANG","Gồm các huyện: Châu Phú và Châu Thành","Ông Cao Thanh Sơn","109357","34.72"
"AN GIANG","Gồm các huyện: Châu Phú và Châu Thành","Ông Võ Minh Hải","95283","30.26"
"AN GIANG","Gồm các huyện: Chợ Mới và Phú Tân","Ông Nguyễn Văn Giàu","349752","77.26"
"AN GIANG","Gồm các huyện: Chợ Mới và Phú Tân","Ông Nguyễn Sĩ Lâm","289901","64.04"
"AN GIANG","Gồm các huyện: Chợ Mới và Phú Tân","Ông Hồ Thanh Bình","242152","53.49"
"AN GIANG","Gồm các huyện: Chợ Mới và Phú Tân","Bà Nguyễn Thị Tuyết Minh","224322","49.55"
"AN GIANG","Gồm các huyện: Chợ Mới và Phú Tân","Bà Nguyễn Thanh Kiều","223407","49.35"
"AN GIANG","Gồm thành phố Châu Đốc, thị xã Tân Châu và các huyện: An Phú, Tịnh Biên, Tri Tôn","Ông Phan Huỳnh Sơn","428306","74.40"
"AN GIANG","Gồm thành phố Châu Đốc, thị xã Tân Châu và các huyện: An Phú, Tịnh Biên, Tri Tôn","Ông Đôn Tuấn Phong","413080","71.75"
"AN GIANG","Gồm thành phố Châu Đốc, thị xã Tân Châu và các huyện: An Phú, Tịnh Biên, Tri Tôn","Ông Chau Chắc","331309","57.55"
"AN GIANG","Gồm thành phố Châu Đốc, thị xã Tân Châu và các huyện: An Phú, Tịnh Biên, Tri Tôn","Ông Phạm Vĩnh Thăng","291658","50.66"
"AN GIANG","Gồm thành phố Châu Đốc, thị xã Tân Châu và các huyện: An Phú, Tịnh Biên, Tri Tôn","Ông Phan Văn Ninh","237238","41.21"
"BÀ RỊA - VŨNG TÀU","Gồm thành phố Vũng Tàu và các huyện: Long Điền, Đất Đỏ, Côn Đảo","Ông Trần Hồng Hà","251261","65.55"
"BÀ RỊA - VŨNG TÀU","Gồm thành phố Vũng Tàu và các huyện: Long Điền, Đất Đỏ, Côn Đảo","Ông Dương Minh Tuấn","246832","64.40"
"BÀ RỊA - VŨNG TÀU","Gồm thành phố Vũng Tàu và các huyện: Long Điền, Đất Đỏ, Côn Đảo","Ông Phạm Đình Cúc","236769","61.77"
"BÀ RỊA - VŨNG TÀU","Gồm thành phố Vũng Tàu và các huyện: Long Điền, Đất Đỏ, Côn Đảo","Bà Đỗ Quỳnh Nga","207039","54.02"
"BÀ RỊA - VŨNG TÀU","Gồm thành phố Vũng Tàu và các huyện: Long Điền, Đất Đỏ, Côn Đảo","Bà Nguyễn Thị Ngọc Quỳnh","183473","47.87"
"BÀ RỊA - VŨNG TÀU","Gồm thành phố Bà Rịa và các huyện: Tân Thành, Châu Đức, Xuyên Mộc","Bà Nguyễn Thị Yến","286611","67.15"
"BÀ RỊA - VŨNG TÀU","Gồm thành phố Bà Rịa và các huyện: Tân Thành, Châu Đức, Xuyên Mộc","Ông Nguyễn Văn Tuyết","265245","62.14"
"BÀ RỊA - VŨNG TÀU","Gồm thành phố Bà Rịa và các huyện: Tân Thành, Châu Đức, Xuyên Mộc","Ông Dương Tấn Quân","246211","57.68"
"BÀ RỊA - VŨNG TÀU","Gồm thành phố Bà Rịa và các huyện: Tân Thành, Châu Đức, Xuyên Mộc","Ông Trần Quang Phước","225860","52.91"
"BÀ RỊA - VŨNG TÀU","Gồm thành phố Bà Rịa và các huyện: Tân Thành, Châu Đức, Xuyên Mộc","Ông Đào Văn Phước","215508","50.49"
"BẠC LIÊU","Gồm thành phố Bạc Liêu và các huyện: Vĩnh Lợi, Hoà Bình","Ông Lê Minh Khái","210555","82.55"
"BẠC LIÊU","Gồm thành phố Bạc Liêu và các huyện: Vĩnh Lợi, Hoà Bình","Bà Trần Thị Hoa Ry","197939","77.60"
"BẠC LIÊU","Gồm thành phố Bạc Liêu và các huyện: Vĩnh Lợi, Hoà Bình","Ông Tạ Văn Hạ","175834","68.94"
"BẠC LIÊU","Gồm thành phố Bạc Liêu và các huyện: Vĩnh Lợi, Hoà Bình","Bà Nguyễn Thị Hảo","88981","34.89"
"BẠC LIÊU","Gồm thành phố Bạc Liêu và các huyện: Vĩnh Lợi, Hoà Bình","Bà Liêu Bích Nga","80804","31.68"
"BẠC LIÊU","Gồm thị xã Giá Rai và các huyện: Phước Long, Hồng Dân, Đông Hải","Ông Nguyễn Huy Thái","304787","84.23"
"BẠC LIÊU","Gồm thị xã Giá Rai và các huyện: Phước Long, Hồng Dân, Đông Hải","Ông Lê Tấn Tới","301015","83.19"
"BẠC LIÊU","Gồm thị xã Giá Rai và các huyện: Phước Long, Hồng Dân, Đông Hải","Ông Lại Xuân Môn","263737","72.88"
"BẠC LIÊU","Gồm thị xã Giá Rai và các huyện: Phước Long, Hồng Dân, Đông Hải","Bà Nguyễn Bé Thương","106379","29.40"
"BẠC LIÊU","Gồm thị xã Giá Rai và các huyện: Phước Long, Hồng Dân, Đông Hải","Bà Hữu Thị Minh Hoài","99889","27.60"
"BẮC KẠN","Gồm các huyện: Ba Bể, Ngân Sơn, Na Rì và Pác Nặm","Bà Phương Thị Thanh","75912","72.84"
"BẮC KẠN","Gồm các huyện: Ba Bể, Ngân Sơn, Na Rì và Pác Nặm","Bà Hồ Thị Kim Ngân","64543","61.93"
"BẮC KẠN","Gồm các huyện: Ba Bể, Ngân Sơn, Na Rì và Pác Nặm","Bà Nguyễn Thị Thủy","62620","60.09"
"BẮC KẠN","Gồm các huyện: Ba Bể, Ngân Sơn, Na Rì và Pác Nặm","Ông Nguyễn Anh Tuấn","56631","54.34"
"BẮC KẠN","Gồm các huyện: Ba Bể, Ngân Sơn, Na Rì và Pác Nặm","Bà Phan Thị Na","47041","45.14"
"BẮC KẠN","Gồm thành phố Bắc Kạn và các huyện: Bạch Thông, Chợ Đồn, Chợ Mới","Ông Hoàng Duy Chinh","88431","74.09"
"BẮC KẠN","Gồm thành phố Bắc Kạn và các huyện: Bạch Thông, Chợ Đồn, Chợ Mới","Ông Nguyễn Xuân Cường","83132","69.65"
"BẮC KẠN","Gồm thành phố Bắc Kạn và các huyện: Bạch Thông, Chợ Đồn, Chợ Mới","Bà Triệu Thị Thu Phương","74289","62.24"
"BẮC KẠN","Gồm thành phố Bắc Kạn và các huyện: Bạch Thông, Chợ Đồn, Chợ Mới","Bà Nguyễn Thị Huế","58647","49.14"
"BẮC KẠN","Gồm thành phố Bắc Kạn và các huyện: Bạch Thông, Chợ Đồn, Chợ Mới","Bà Đào Thị Mai Sen","47252","39.59"
"BẮC GIANG","Gồm các huyện: Sơn Động, Lục Ngạn và Lục Nam","Ông Dương Văn Thông (Dương Đình Thông)","251790","72.28"
"BẮC GIANG","Gồm các huyện: Sơn Động, Lục Ngạn và Lục Nam","Bà Hà Thị Lan","179295","51.47"
"BẮC GIANG","Gồm các huyện: Sơn Động, Lục Ngạn và Lục Nam","Bà Lý Thị Chi","128079","36.76"
"BẮC GIANG","Gồm các huyện: Sơn Động, Lục Ngạn và Lục Nam","Bà La Thị Hà","117003","33.59"
"BẮC GIANG","Gồm các huyện: Tân Yên, Hiệp Hòa và Việt Yên","Bà Nguyễn Thị Thu Hà","306535","73.97"
"BẮC GIANG","Gồm các huyện: Tân Yên, Hiệp Hòa và Việt Yên","Ông Ngô Sách Thực","256299","61.85"
"BẮC GIANG","Gồm các huyện: Tân Yên, Hiệp Hòa và Việt Yên","Bà Leo Thị Lịch","248557","59.98"
"BẮC GIANG","Gồm các huyện: Tân Yên, Hiệp Hòa và Việt Yên","Bà Nguyễn Hồng Khánh","218401","52.70"
"BẮC GIANG","Gồm các huyện: Tân Yên, Hiệp Hòa và Việt Yên","Bà Nguyễn Thị Lương","168548","40.67"
"BẮC GIANG","Gồm thành phố Bắc Giang và các huyện: Yên Thế, Lạng Giang, Yên Dũng","Bà Lê Thị Thu Hồng","313570","70.84"
"BẮC GIANG","Gồm thành phố Bắc Giang và các huyện: Yên Thế, Lạng Giang, Yên Dũng","Bà Hoàng Thị Hoa","296706","67.03"
"BẮC GIANG","Gồm thành phố Bắc Giang và các huyện: Yên Thế, Lạng Giang, Yên Dũng","Ông Trần Văn Lâm","259869","58.70"
"BẮC GIANG","Gồm thành phố Bắc Giang và các huyện: Yên Thế, Lạng Giang, Yên Dũng","Ông Đặng Văn Hậu","243162","54.93"
"BẮC GIANG","Gồm thành phố Bắc Giang và các huyện: Yên Thế, Lạng Giang, Yên Dũng","Bà Nguyễn Thị Tâm","177391","40.07"
"BẮC NINH","Gồm thành phố Bắc Ninh và huyện Quế Võ","Ông Nguyễn Ngọc Bảo","182071","80.10"
"BẮC NINH","Gồm thành phố Bắc Ninh và huyện Quế Võ","Bà Trần Thị Hằng","158660","69.80"
"BẮC NINH","Gồm thành phố Bắc Ninh và huyện Quế Võ","Bà Trần Thị Thanh Bình","63803","28.07"
"BẮC NINH","Gồm thành phố Bắc Ninh và huyện Quế Võ","Bà Nguyễn Thị Huệ","45160","19.87"
"BẮC NINH","Gồm thị xã Từ Sơn và các huyện: Tiên Du, Yên Phong","Ông Tô Lâm","269938","95.16"
"BẮC NINH","Gồm thị xã Từ Sơn và các huyện: Tiên Du, Yên Phong","Ông Nguyễn Nhân Chiến","255984","90.24"
"BẮC NINH","Gồm thị xã Từ Sơn và các huyện: Tiên Du, Yên Phong","Bà Nguyễn Thị Ngọc Lan","164633","58.04"
"BẮC NINH","Gồm thị xã Từ Sơn và các huyện: Tiên Du, Yên Phong","Ông Nguyễn Văn Hải","69094","24.36"
"BẮC NINH","Gồm thị xã Từ Sơn và các huyện: Tiên Du, Yên Phong","Bà Nguyễn Thị Loan","67257","23.71"
"BẮC NINH","Gồm các huyện: Lương Tài, Gia Bình, Thuận Thành","Ông Trần Văn Túy","218965","90.12"
"BẮC NINH","Gồm các huyện: Lương Tài, Gia Bình, Thuận Thành","Ông Nguyễn Như So","170594","70.21"
"BẮC NINH","Gồm các huyện: Lương Tài, Gia Bình, Thuận Thành","Bà Nguyễn Thị Mai Hạnh","54192","22.30"
"BẮC NINH","Gồm các huyện: Lương Tài, Gia Bình, Thuận Thành","Ông Nguyễn Gia Cảnh","38380","15.80"
"BẾN TRE","Gồm thành phố Bến Tre và các huyện: Châu Thành, Bình Đại","Ông Đặng Thuần Phong","199921","64.05"
"BẾN TRE","Gồm thành phố Bến Tre và các huyện: Châu Thành, Bình Đại","Ông Cao Văn Trọng","191412","61.32"
"BẾN TRE","Gồm thành phố Bến Tre và các huyện: Châu Thành, Bình Đại","Bà Nguyễn Thị Bé Mười","120351","38.56"
"BẾN TRE","Gồm thành phố Bến Tre và các huyện: Châu Thành, Bình Đại","Ông Tôn Đức Lộc","109166","34.97"
"BẾN TRE","Gồm các huyện: Giồng Trôm và Ba Tri","Ông Nguyễn Việt Thắng","150764","55.20"
"BẾN TRE","Gồm các huyện: Giồng Trôm và Ba Tri","Bà Trần Thị Thanh Lam","139934","51.23"
"BẾN TRE","Gồm các huyện: Giồng Trôm và Ba Tri","Ông Ngô Văn Tán","136613","50.02"
"BẾN TRE","Gồm các huyện: Giồng Trôm và Ba Tri","Bà Võ Thị Thanh Hà","115548","42.31"
"BẾN TRE","Gồm các huyện: Thạnh Phú, Chợ Lách, Mỏ Cày Nam và Mỏ Cày Bắc","Ông Trần Dương Tuấn","250859","65.11"
"BẾN TRE","Gồm các huyện: Thạnh Phú, Chợ Lách, Mỏ Cày Nam và Mỏ Cày Bắc","Ông Lưu Bình Nhưỡng","238941","62.02"
"BẾN TRE","Gồm các huyện: Thạnh Phú, Chợ Lách, Mỏ Cày Nam và Mỏ Cày Bắc","Bà Nguyễn Thị Lệ Thủy","237111","61.54"
"BẾN TRE","Gồm các huyện: Thạnh Phú, Chợ Lách, Mỏ Cày Nam và Mỏ Cày Bắc","Ông Trần Anh Thuy","211538","54.91"
"BẾN TRE","Gồm các huyện: Thạnh Phú, Chợ Lách, Mỏ Cày Nam và Mỏ Cày Bắc","Ông Nguyễn Hoài Anh (Nguyễn Hoài Phong)","209778","54.45"
"BÌNH DƯƠNG","Gồm thành phố Thủ Dầu Một và thị xã Dĩ An","Ông Nguyễn Thanh Hồng","286534","66.58"
"BÌNH DƯƠNG","Gồm thành phố Thủ Dầu Một và thị xã Dĩ An","Ông Phạm Trọng Nhân","276235","64.19"
"BÌNH DƯƠNG","Gồm thành phố Thủ Dầu Một và thị xã Dĩ An","Bà Trương Thị Bích Hạnh","253771","58.97"
"BÌNH DƯƠNG","Gồm thành phố Thủ Dầu Một và thị xã Dĩ An","Ông Nguyễn Văn Phong","246619","57.31"
"BÌNH DƯƠNG","Gồm thành phố Thủ Dầu Một và thị xã Dĩ An","Bà Nguyễn Ngọc Hằng","212805","49.45"
"BÌNH DƯƠNG","Gồm thị xã Thuận An và thị xã Tân Uyên","Ông Trần Văn Nam","410431","73.10"
"BÌNH DƯƠNG","Gồm thị xã Thuận An và thị xã Tân Uyên","Ông Nguyễn Văn Thao (Nguyễn Hoàng Thao)","399584","71.16"
"BÌNH DƯƠNG","Gồm thị xã Thuận An và thị xã Tân Uyên","Ông Nguyễn Phi Long","326593","58.16"
"BÌNH DƯƠNG","Gồm thị xã Thuận An và thị xã Tân Uyên","Ông Trần Trọng Tuyên","282642","50.34"
"BÌNH DƯƠNG","Gồm thị xã Thuận An và thị xã Tân Uyên","Bà Nguyễn Thị Nhật Hằng","246548","43.91"
"BÌNH DƯƠNG","Gồm thị xã Bến Cát và các huyện: Dầu Tiếng, Bàu Bàng, Phú Giáo, Bắc Tân Uyên","Ông Nguyễn Văn Khánh","302387","69.71"
"BÌNH DƯƠNG","Gồm thị xã Bến Cát và các huyện: Dầu Tiếng, Bàu Bàng, Phú Giáo, Bắc Tân Uyên","Ông Nguyễn Văn Dành","285880","65.90"
"BÌNH DƯƠNG","Gồm thị xã Bến Cát và các huyện: Dầu Tiếng, Bàu Bàng, Phú Giáo, Bắc Tân Uyên","Ông Nguyễn Văn Riễn (Linh mục Nguyễn Văn Riễn)","246875","56.91"
"BÌNH DƯƠNG","Gồm thị xã Bến Cát và các huyện: Dầu Tiếng, Bàu Bàng, Phú Giáo, Bắc Tân Uyên","Ông Nguyễn Văn Đạt","236573","54.54"
"BÌNH DƯƠNG","Gồm thị xã Bến Cát và các huyện: Dầu Tiếng, Bàu Bàng, Phú Giáo, Bắc Tân Uyên","Bà Trần Cẩm Hồng","216489","49.91"
"BÌNH ĐỊNH","Gồm thành phố Quy Nhơn và các huyện: Tuy Phước, Vân Canh, Tây Sơn, Vĩnh Thạnh","Ông Lê Kim Toàn","356165","70.20"
"BÌNH ĐỊNH","Gồm thành phố Quy Nhơn và các huyện: Tuy Phước, Vân Canh, Tây Sơn, Vĩnh Thạnh","Ông Phùng Xuân Nhạ","344016","67.81"
"BÌNH ĐỊNH","Gồm thành phố Quy Nhơn và các huyện: Tuy Phước, Vân Canh, Tây Sơn, Vĩnh Thạnh","Ông Lê Công Nhường","336423","66.31"
"BÌNH ĐỊNH","Gồm thành phố Quy Nhơn và các huyện: Tuy Phước, Vân Canh, Tây Sơn, Vĩnh Thạnh","Ông Nguyễn Đình Thành","293990","57.95"
"BÌNH ĐỊNH","Gồm thành phố Quy Nhơn và các huyện: Tuy Phước, Vân Canh, Tây Sơn, Vĩnh Thạnh","Bà Đinh Thị Mỹ Li Ly","168289","33.17"
"BÌNH ĐỊNH","Gồm thị xã An Nhơn và các huyện: Phù Cát, Phù Mỹ","Ông Nguyễn Văn Cảnh","347115","83.29"
"BÌNH ĐỊNH","Gồm thị xã An Nhơn và các huyện: Phù Cát, Phù Mỹ","Bà Lý Tiết Hạnh","273459","65.61"
"BÌNH ĐỊNH","Gồm thị xã An Nhơn và các huyện: Phù Cát, Phù Mỹ","Ông Đặng Hoài Tân","268986","64.54"
"BÌNH ĐỊNH","Gồm thị xã An Nhơn và các huyện: Phù Cát, Phù Mỹ","Ông Phan Thanh Hòa","239144","57.38"
"BÌNH ĐỊNH","Gồm thị xã An Nhơn và các huyện: Phù Cát, Phù Mỹ","Bà Mai Thị Vân","108960","26.14"
"BÌNH ĐỊNH","Gồm các huyện: Hoài Nhơn, Hoài Ân và An Lão","Ông Nguyễn Hữu Đức","189437","73.34"
"BÌNH ĐỊNH","Gồm các huyện: Hoài Nhơn, Hoài Ân và An Lão","Ông Huỳnh Cao Nhất","174907","67.71"
"BÌNH ĐỊNH","Gồm các huyện: Hoài Nhơn, Hoài Ân và An Lão","Bà Lê Thị Thanh Trầm","95414","36.94"
"BÌNH ĐỊNH","Gồm các huyện: Hoài Nhơn, Hoài Ân và An Lão","Ông Đinh Văn Tuya","55699","21.56"
"BÌNH PHƯỚC","Gồm thị xã Bình Long và các huyện: Bù Đốp, Bù Gia Mập, Chơn Thành, Hớn Quản, Lộc Ninh","Ông Nguyễn Văn Lợi","298628","83.07"
"BÌNH PHƯỚC","Gồm thị xã Bình Long và các huyện: Bù Đốp, Bù Gia Mập, Chơn Thành, Hớn Quản, Lộc Ninh","Ông Nguyễn Tuấn Anh","288657","80.29"
"BÌNH PHƯỚC","Gồm thị xã Bình Long và các huyện: Bù Đốp, Bù Gia Mập, Chơn Thành, Hớn Quản, Lộc Ninh","Ông Huỳnh Thành Chung","281219","78.22"
"BÌNH PHƯỚC","Gồm thị xã Bình Long và các huyện: Bù Đốp, Bù Gia Mập, Chơn Thành, Hớn Quản, Lộc Ninh","Ông Phạm Hiếu Thanh","104346","29.03"
"BÌNH PHƯỚC","Gồm thị xã Bình Long và các huyện: Bù Đốp, Bù Gia Mập, Chơn Thành, Hớn Quản, Lộc Ninh","Bà Phạm Thị Ngọc Phú","98957","27.53"
"BÌNH PHƯỚC","Gồm các thị xã: Đồng Xoài, Phước Long và các huyện: Đồng Phú, Phú Riềng, Bù Đăng","Ông Phan Viết Lượng","278562","81.93"
"BÌNH PHƯỚC","Gồm các thị xã: Đồng Xoài, Phước Long và các huyện: Đồng Phú, Phú Riềng, Bù Đăng","Bà Tôn Ngọc Hạnh","271496","79.85"
"BÌNH PHƯỚC","Gồm các thị xã: Đồng Xoài, Phước Long và các huyện: Đồng Phú, Phú Riềng, Bù Đăng","Bà Điểu Huỳnh Sang","263589","77.52"
"BÌNH PHƯỚC","Gồm các thị xã: Đồng Xoài, Phước Long và các huyện: Đồng Phú, Phú Riềng, Bù Đăng","Ông Thạch Kim Thành","103282","30.38"
"BÌNH PHƯỚC","Gồm các thị xã: Đồng Xoài, Phước Long và các huyện: Đồng Phú, Phú Riềng, Bù Đăng","Ông Hồ Bá Toàn","95777","28.17"
"BÌNH THUẬN","Gồm các huyện: Tuy Phong, Bắc Bình và Phú Quý","Ông Lê Quốc Phong","152682","66.14"
"BÌNH THUẬN","Gồm các huyện: Tuy Phong, Bắc Bình và Phú Quý","Bà Bố Thị Xuân Linh","142549","61.75"
"BÌNH THUẬN","Gồm các huyện: Tuy Phong, Bắc Bình và Phú Quý","Bà Phan Thị Thanh Thảo","81893","35.48"
"BÌNH THUẬN","Gồm các huyện: Tuy Phong, Bắc Bình và Phú Quý","Ông Lê Huy Toàn","81188","35.17"
"BÌNH THUẬN","Gồm thành phố Phan Thiết và các huyện: Hàm Thuận Bắc, Hàm Thuận Nam, Hàm Tân","Ông Huỳnh Thanh Cảnh","329079","72.27"
"BÌNH THUẬN","Gồm thành phố Phan Thiết và các huyện: Hàm Thuận Bắc, Hàm Thuận Nam, Hàm Tân","Ông Ngô Đức Mạnh","321608","70.63"
"BÌNH THUẬN","Gồm thành phố Phan Thiết và các huyện: Hàm Thuận Bắc, Hàm Thuận Nam, Hàm Tân","Bà Nguyễn Thị Phúc","284738","62.53"
"BÌNH THUẬN","Gồm thành phố Phan Thiết và các huyện: Hàm Thuận Bắc, Hàm Thuận Nam, Hàm Tân","Ông Huỳnh Ngọc Tâm","210281","46.18"
"BÌNH THUẬN","Gồm thành phố Phan Thiết và các huyện: Hàm Thuận Bắc, Hàm Thuận Nam, Hàm Tân","Bà Nguyễn Thị Phương An","194649","42.75"
"BÌNH THUẬN","Gồm thị xã La Gi và các huyện: Đức Linh, Tánh Linh","Ông Nguyễn Hồng Hải","181138","68.71"
"BÌNH THUẬN","Gồm thị xã La Gi và các huyện: Đức Linh, Tánh Linh","Bà Trần Hồng Nguyên","163668","62.08"
"BÌNH THUẬN","Gồm thị xã La Gi và các huyện: Đức Linh, Tánh Linh","Ông Đỗ Huy Sơn","90943","34.50"
"BÌNH THUẬN","Gồm thị xã La Gi và các huyện: Đức Linh, Tánh Linh","Ông Dụng Văn Duy","87612","33.23"
"CÀ MAU","Gồm thành phố Cà Mau và các huyện: Thới Bình, U Minh","Ông Dương Thanh Bình","278771","78.90"
"CÀ MAU","Gồm thành phố Cà Mau và các huyện: Thới Bình, U Minh","Bà Trương Thị Yến Linh","229664","65"
"CÀ MAU","Gồm thành phố Cà Mau và các huyện: Thới Bình, U Minh","Ông Lê Thanh Vân","215328","60.94"
"CÀ MAU","Gồm thành phố Cà Mau và các huyện: Thới Bình, U Minh","Ông Trần Hoàng Vũ","190936","54.04"
"CÀ MAU","Gồm thành phố Cà Mau và các huyện: Thới Bình, U Minh","Bà Danh Thị Chi","128286","36.31"
"CÀ MAU","Gồm các huyện: Cái Nước, Phú Tân và Trần Văn Thời","Ông Trương Minh Hoàng","203563","69.23"
"CÀ MAU","Gồm các huyện: Cái Nước, Phú Tân và Trần Văn Thời","Ông Nguyễn Quốc Hận","175701","59.75"
"CÀ MAU","Gồm các huyện: Cái Nước, Phú Tân và Trần Văn Thời","Bà Trương Thủy Triều","104128","35.41"
"CÀ MAU","Gồm các huyện: Cái Nước, Phú Tân và Trần Văn Thời","Ông Trần Hoàng Khởi","101898","34.65"
"CÀ MAU","Gồm các huyện: Đầm Dơi, Năm Căn và Ngọc Hiển","Ông Thái Trường Giang","176225","78.14"
"CÀ MAU","Gồm các huyện: Đầm Dơi, Năm Căn và Ngọc Hiển","Ông Bùi Ngọc Chương","173365","76.87"
"CÀ MAU","Gồm các huyện: Đầm Dơi, Năm Căn và Ngọc Hiển","Bà Nguyễn Hồng Thắm","62443","27.69"
"CÀ MAU","Gồm các huyện: Đầm Dơi, Năm Căn và Ngọc Hiển","Ông Danh Văn Nhỏ","36548","16.20"
"CAO BẰNG","Gồm các huyện: Bảo Lạc, Bảo Lâm, Nguyên Bình, Hà Quảng, Trà Lĩnh và Hòa An","Ông Hà Ngọc Chiến","136025","78.73"
"CAO BẰNG","Gồm các huyện: Bảo Lạc, Bảo Lâm, Nguyên Bình, Hà Quảng, Trà Lĩnh và Hòa An","Ông Bế Minh Đức","119585","69.21"
"CAO BẰNG","Gồm các huyện: Bảo Lạc, Bảo Lâm, Nguyên Bình, Hà Quảng, Trà Lĩnh và Hòa An","Ông Đỗ Quang Thành","119346","69.07"
"CAO BẰNG","Gồm các huyện: Bảo Lạc, Bảo Lâm, Nguyên Bình, Hà Quảng, Trà Lĩnh và Hòa An","Bà Hoàng Thị Thu Chiên","71518","41.39"
"CAO BẰNG","Gồm các huyện: Bảo Lạc, Bảo Lâm, Nguyên Bình, Hà Quảng, Trà Lĩnh và Hòa An","Ông Trương Văn Lai","66209","38.32"
"CAO BẰNG","Gồm thành phố Cao Bằng và các huyện: Thông Nông, Quảng Uyên, Phục Hòa, Trùng Khánh, Hạ Lang, Thạch An","Ông Nguyễn Hoàng Anh","154096","81.48"
"CAO BẰNG","Gồm thành phố Cao Bằng và các huyện: Thông Nông, Quảng Uyên, Phục Hòa, Trùng Khánh, Hạ Lang, Thạch An","Ông Phùng Văn Hùng","124901","66.04"
"CAO BẰNG","Gồm thành phố Cao Bằng và các huyện: Thông Nông, Quảng Uyên, Phục Hòa, Trùng Khánh, Hạ Lang, Thạch An","Bà Triệu Thanh Dung","109669","57.99"
"CAO BẰNG","Gồm thành phố Cao Bằng và các huyện: Thông Nông, Quảng Uyên, Phục Hòa, Trùng Khánh, Hạ Lang, Thạch An","Bà Trịnh Thị Xuân Thu","89602","47.38"
"CAO BẰNG","Gồm thành phố Cao Bằng và các huyện: Thông Nông, Quảng Uyên, Phục Hòa, Trùng Khánh, Hạ Lang, Thạch An","Bà Hoàng Ngọc Linh","82674","43.72"
"ĐẮK LẮK","Gồm thành phố Buôn Ma Thuột và các huyện: Buôn Đôn, Ea Súp, Cư M`Gar","Ông Nguyễn Duy Hữu","360719","77.32"
"ĐẮK LẮK","Gồm thành phố Buôn Ma Thuột và các huyện: Buôn Đôn, Ea Súp, Cư M`Gar","Ông Ngô Trung Thành","354651","76.02"
"ĐẮK LẮK","Gồm thành phố Buôn Ma Thuột và các huyện: Buôn Đôn, Ea Súp, Cư M`Gar","Ông Y Tru Alio","254554","54.57"
"ĐẮK LẮK","Gồm thành phố Buôn Ma Thuột và các huyện: Buôn Đôn, Ea Súp, Cư M`Gar","Ông Đinh Xuân Diệu","231251","49.57"
"ĐẮK LẮK","Gồm thành phố Buôn Ma Thuột và các huyện: Buôn Đôn, Ea Súp, Cư M`Gar","Ông Y Nhuân Byă","179286","38.43"
"ĐẮK LẮK","Gồm các huyện: Krông Bông, Krông Pắc, Lắk, M`Drắk, Cư Kuin và Krông Ana","Bà Nguyễn Thị Xuân","344526","80.43"
"ĐẮK LẮK","Gồm các huyện: Krông Bông, Krông Pắc, Lắk, M`Drắk, Cư Kuin và Krông Ana","Ông Lưu Văn Đức","339305","79.21"
"ĐẮK LẮK","Gồm các huyện: Krông Bông, Krông Pắc, Lắk, M`Drắk, Cư Kuin và Krông Ana","Ông Y Khút Niê (Ama Sa Ly)","313985","73.30"
"ĐẮK LẮK","Gồm các huyện: Krông Bông, Krông Pắc, Lắk, M`Drắk, Cư Kuin và Krông Ana","Bà Nguyễn Thị Thu Nguyệt","158912","37.10"
"ĐẮK LẮK","Gồm các huyện: Krông Bông, Krông Pắc, Lắk, M`Drắk, Cư Kuin và Krông Ana","Ông Võ Ngọc Tuyên","115144","26.88"
"ĐẮK LẮK","Gồm thị xã Buôn Hồ và các huyện: Ea H`Leo, Krông Búk, Krông Năng, Ea Kar","Ông Đặng Xuân Phương","319119","79.68"
"ĐẮK LẮK","Gồm thị xã Buôn Hồ và các huyện: Ea H`Leo, Krông Búk, Krông Năng, Ea Kar","Ông Y Biêr Niê","293478","73.27"
"ĐẮK LẮK","Gồm thị xã Buôn Hồ và các huyện: Ea H`Leo, Krông Búk, Krông Năng, Ea Kar","Bà Lê Thị Thanh Xuân","229732","57.36"
"ĐẮK LẮK","Gồm thị xã Buôn Hồ và các huyện: Ea H`Leo, Krông Búk, Krông Năng, Ea Kar","Ông Vũ Đức Côn","173303","43.27"
"ĐẮK LẮK","Gồm thị xã Buôn Hồ và các huyện: Ea H`Leo, Krông Búk, Krông Năng, Ea Kar","Ông Nguyễn Trung Thành","166885","41.67"
"ĐẮK NÔNG","Gồm thị xã Gia Nghĩa và các huyện: Đắk Glong, Đắk R`Lấp, Tuy Đức, Đắk Song","Ông Ngô Thanh Danh","179793","83.59"
"ĐẮK NÔNG","Gồm thị xã Gia Nghĩa và các huyện: Đắk Glong, Đắk R`Lấp, Tuy Đức, Đắk Song","Ông Nguyễn Trường Giang","170156","79.11"
"ĐẮK NÔNG","Gồm thị xã Gia Nghĩa và các huyện: Đắk Glong, Đắk R`Lấp, Tuy Đức, Đắk Song","Ông K’ Choi","138726","64.50"
"ĐẮK NÔNG","Gồm thị xã Gia Nghĩa và các huyện: Đắk Glong, Đắk R`Lấp, Tuy Đức, Đắk Song","Bà Nguyễn Thị Thu","82017","38.13"
"ĐẮK NÔNG","Gồm thị xã Gia Nghĩa và các huyện: Đắk Glong, Đắk R`Lấp, Tuy Đức, Đắk Song","Bà Niê Đoan Chính","61968","28.81"
"ĐẮK NÔNG","Gồm các huyện: Đắk Mil, Cư Jút và Krông Nô","Ông Bùi Thanh Sơn","140073","79.52"
"ĐẮK NÔNG","Gồm các huyện: Đắk Mil, Cư Jút và Krông Nô","Ông Võ Đình Tín","122352","69.46"
"ĐẮK NÔNG","Gồm các huyện: Đắk Mil, Cư Jút và Krông Nô","Bà Ka H’Hoa","96082","54.54"
"ĐẮK NÔNG","Gồm các huyện: Đắk Mil, Cư Jút và Krông Nô","Ông Lưu Văn Đặng","90817","51.56"
"ĐẮK NÔNG","Gồm các huyện: Đắk Mil, Cư Jút và Krông Nô","Bà Trương Thị Ánh","70939","40.27"
"ĐIỆN BIÊN","Gồm thành phố Điện Biên Phủ và các huyện: Điện Biên Đông, Mường Ảng, Điện Biên","Ông Sùng A Hồng","159148","85.84"
"ĐIỆN BIÊN","Gồm thành phố Điện Biên Phủ và các huyện: Điện Biên Đông, Mường Ảng, Điện Biên","Ông Trần Văn Sơn","152305","82.15"
"ĐIỆN BIÊN","Gồm thành phố Điện Biên Phủ và các huyện: Điện Biên Đông, Mường Ảng, Điện Biên","Bà Quàng Thị Vân","137922","74.40"
"ĐIỆN BIÊN","Gồm thành phố Điện Biên Phủ và các huyện: Điện Biên Đông, Mường Ảng, Điện Biên","Bà Lò Thị Ngoai","49738","26.83"
"ĐIỆN BIÊN","Gồm thành phố Điện Biên Phủ và các huyện: Điện Biên Đông, Mường Ảng, Điện Biên","Bà Quàng Thị Châm","49152","26.51"
"ĐIỆN BIÊN","Gồm thị xã Mường Lay và các huyện: Mường Chà, Nậm Pồ, Mường Nhé, Tuần Giáo, Tủa Chùa","Bà Trần Thị Dung","130895","83.07"
"ĐIỆN BIÊN","Gồm thị xã Mường Lay và các huyện: Mường Chà, Nậm Pồ, Mường Nhé, Tuần Giáo, Tủa Chùa","Bà Lò Thị Luyến","122733","77.89"
"ĐIỆN BIÊN","Gồm thị xã Mường Lay và các huyện: Mường Chà, Nậm Pồ, Mường Nhé, Tuần Giáo, Tủa Chùa","Ông Mùa A Vảng","111238","70.59"
"ĐIỆN BIÊN","Gồm thị xã Mường Lay và các huyện: Mường Chà, Nậm Pồ, Mường Nhé, Tuần Giáo, Tủa Chùa","Ông Mùa A Hồ (Mùa Va Hồ)","60942","38.67"
"ĐIỆN BIÊN","Gồm thị xã Mường Lay và các huyện: Mường Chà, Nậm Pồ, Mường Nhé, Tuần Giáo, Tủa Chùa","Bà Cà Thị Xương","38152","24.21"
"ĐỒNG NAI","Gồm thành phố Biên Hòa và các huyện: Long Thành, Nhơn Trạch","Bà Phan Thị Mỹ Thanh","713148","72.12"
"ĐỒNG NAI","Gồm thành phố Biên Hòa và các huyện: Long Thành, Nhơn Trạch","Ông Võ Văn Thưởng","676517","68.41"
"ĐỒNG NAI","Gồm thành phố Biên Hòa và các huyện: Long Thành, Nhơn Trạch","Bà Nguyễn Thị Như Ý","585402","59.20"
"ĐỒNG NAI","Gồm thành phố Biên Hòa và các huyện: Long Thành, Nhơn Trạch","Bà Trương Thị Bích Liên","492768","49.83"
"ĐỒNG NAI","Gồm thành phố Biên Hòa và các huyện: Long Thành, Nhơn Trạch","Bà Nguyễn Lê Đa Hà","456263","46.14"
"ĐỒNG NAI","Gồm các huyện: Vĩnh Cửu, Trảng Bom và Thống Nhất","Bà Đỗ Thị Thu Hằng","338752","75.36"
"ĐỒNG NAI","Gồm các huyện: Vĩnh Cửu, Trảng Bom và Thống Nhất","Ông Vũ Hải Hà","330956","73.62"
"ĐỒNG NAI","Gồm các huyện: Vĩnh Cửu, Trảng Bom và Thống Nhất","Ông Lê Hồng Tịnh","314372","69.93"
"ĐỒNG NAI","Gồm các huyện: Vĩnh Cửu, Trảng Bom và Thống Nhất","Bà Mã Thanh Loan","170688","37.97"
"ĐỒNG NAI","Gồm các huyện: Vĩnh Cửu, Trảng Bom và Thống Nhất","Bà Nguyễn Ngọc Quế","168216","37.42"
"ĐỒNG NAI","Gồm thị xã Long Khánh và các huyện: Xuân Lộc, Cẩm Mỹ","Ông Huỳnh Thanh Liêm","337737","80.87"
"ĐỒNG NAI","Gồm thị xã Long Khánh và các huyện: Xuân Lộc, Cẩm Mỹ","Ông Nguyễn Công Hồng","336561","80.59"
"ĐỒNG NAI","Gồm thị xã Long Khánh và các huyện: Xuân Lộc, Cẩm Mỹ","Ông Hồ Văn Năm","324462","77.69"
"ĐỒNG NAI","Gồm thị xã Long Khánh và các huyện: Xuân Lộc, Cẩm Mỹ","Bà Cao Thị Xuyến","132006","31.61"
"ĐỒNG NAI","Gồm thị xã Long Khánh và các huyện: Xuân Lộc, Cẩm Mỹ","Ông Bùi Văn Sỹ","113516","27.18"
"ĐỒNG NAI","Gồm các huyện: Định Quán và Tân Phú","Ông Dương Trung Quốc","220261","74.22"
"ĐỒNG NAI","Gồm các huyện: Định Quán và Tân Phú","Ông Bùi Xuân Thống","188126","63.39"
"ĐỒNG NAI","Gồm các huyện: Định Quán và Tân Phú","Ông Thổ Út","132231","44.56"
"ĐỒNG NAI","Gồm các huyện: Định Quán và Tân Phú","Bà Trần Thị Huỳnh Hương","131747","44.39"
"ĐỒNG NAI","Gồm các huyện: Định Quán và Tân Phú","Bà Mai Thị Ngọc Dung","113882","38.37"
"ĐỒNG NAI","Gồm các huyện: Định Quán và Tân Phú","Ông Hồ Văn Lộc","93931","31.65"
"ĐỒNG THÁP","Gồm thị xã Hồng Ngự và các huyện: Tân Hồng, Hồng Ngự, Tam Nông","Ông Trần Văn Cường","196367","60.31"
"ĐỒNG THÁP","Gồm thị xã Hồng Ngự và các huyện: Tân Hồng, Hồng Ngự, Tam Nông","Ông Huỳnh Minh Tuấn","183270","56.29"
"ĐỒNG THÁP","Gồm thị xã Hồng Ngự và các huyện: Tân Hồng, Hồng Ngự, Tam Nông","Ông Nguyễn Kim Hồng","159226","48.90"
"ĐỒNG THÁP","Gồm thị xã Hồng Ngự và các huyện: Tân Hồng, Hồng Ngự, Tam Nông","Ông Nguyễn Văn Thông","110989","34.09"
"ĐỒNG THÁP","Gồm thành phố Cao Lãnh và các huyện: Thanh Bình, Cao Lãnh, Tháp Mười","Ông Lê Minh Hoan","402487","75.90"
"ĐỒNG THÁP","Gồm thành phố Cao Lãnh và các huyện: Thanh Bình, Cao Lãnh, Tháp Mười","Bà Nguyễn Thị Mai Hoa","335540","63.27"
"ĐỒNG THÁP","Gồm thành phố Cao Lãnh và các huyện: Thanh Bình, Cao Lãnh, Tháp Mười","Ông Ngô Hồng Chiều","308872","58.24"
"ĐỒNG THÁP","Gồm thành phố Cao Lãnh và các huyện: Thanh Bình, Cao Lãnh, Tháp Mười","Bà Nguyễn Thúy Hà","271984","51.29"
"ĐỒNG THÁP","Gồm thành phố Cao Lãnh và các huyện: Thanh Bình, Cao Lãnh, Tháp Mười","Bà Trương Thị Bích Ngọc","264009","49.78"
"ĐỒNG THÁP","Gồm thành phố Sa Đéc và các huyện: Lấp Vò, Lai Vung, Châu Thành","Ông Lê Vĩnh Tân","394809","75.72"
"ĐỒNG THÁP","Gồm thành phố Sa Đéc và các huyện: Lấp Vò, Lai Vung, Châu Thành","Ông Trần Trí Quang","376294","72.17"
"ĐỒNG THÁP","Gồm thành phố Sa Đéc và các huyện: Lấp Vò, Lai Vung, Châu Thành","Ông Phạm Văn Hòa","302786","58.07"
"ĐỒNG THÁP","Gồm thành phố Sa Đéc và các huyện: Lấp Vò, Lai Vung, Châu Thành","Bà Trương Thị Minh Trang","264116","50.65"
"ĐỒNG THÁP","Gồm thành phố Sa Đéc và các huyện: Lấp Vò, Lai Vung, Châu Thành","Bà Đoàn Thị Nghiệp","217932","41.80"
"GIA LAI","Gồm thành phố Pleiku và các huyện: Chư Păh, Ia Grai, Đức Cơ, Chư Prông","Ông Hồ Văn Niên","322968","80.66"
"GIA LAI","Gồm thành phố Pleiku và các huyện: Chư Păh, Ia Grai, Đức Cơ, Chư Prông","Bà Nguyễn Thị Mai Phương","306329","76.51"
"GIA LAI","Gồm thành phố Pleiku và các huyện: Chư Păh, Ia Grai, Đức Cơ, Chư Prông","Ông Rơ Mah Tuân","271052","67.70"
"GIA LAI","Gồm thành phố Pleiku và các huyện: Chư Păh, Ia Grai, Đức Cơ, Chư Prông","Ông Trần Ngọc Anh","171930","42.94"
"GIA LAI","Gồm thành phố Pleiku và các huyện: Chư Păh, Ia Grai, Đức Cơ, Chư Prông","Bà Ksor Hiền","123005","30.72"
"GIA LAI","Gồm thị xã An Khê và các huyện: KBang, Kông Chro, Đăk Pơ, Mang Yang, Đăk Đoa","Ông Dương Quốc Anh","231486","86.18"
"GIA LAI","Gồm thị xã An Khê và các huyện: KBang, Kông Chro, Đăk Pơ, Mang Yang, Đăk Đoa","Ông Đinh Duy Vượt","192551","71.68"
"GIA LAI","Gồm thị xã An Khê và các huyện: KBang, Kông Chro, Đăk Pơ, Mang Yang, Đăk Đoa","Ông Y Đức Thành","56537","21.05"
"GIA LAI","Gồm thị xã An Khê và các huyện: KBang, Kông Chro, Đăk Pơ, Mang Yang, Đăk Đoa","Bà Rơ Chăm H’Hồng","54952","20.46"
"GIA LAI","Gồm thị xã Ayun Pa và các huyện: Krông Pa, Ia Pa, Phú Thiện, Chư Sê, Chư Pưh","Bà Ksor H’Bơ Khăp (Ksor Phước Hà)","222857","81.94"
"GIA LAI","Gồm thị xã Ayun Pa và các huyện: Krông Pa, Ia Pa, Phú Thiện, Chư Sê, Chư Pưh","Ông Bùi Văn Cường","211730","77.84"
"GIA LAI","Gồm thị xã Ayun Pa và các huyện: Krông Pa, Ia Pa, Phú Thiện, Chư Sê, Chư Pưh","Bà Phan Thị Nga","55211","20.30"
"GIA LAI","Gồm thị xã Ayun Pa và các huyện: Krông Pa, Ia Pa, Phú Thiện, Chư Sê, Chư Pưh","Bà Lương Thị Tuyết Vinh","52131","19.17"
"HÀ GIANG","Gồm thành phố Hà Giang và các huyện: Đồng Văn, Mèo Vạc, Yên Minh, Quản Bạ, Bắc Mê","Ông Triệu Tài Vinh","219046","93.53"
"HÀ GIANG","Gồm thành phố Hà Giang và các huyện: Đồng Văn, Mèo Vạc, Yên Minh, Quản Bạ, Bắc Mê","Ông Sùng Thìn Cò","208529","89.04"
"HÀ GIANG","Gồm thành phố Hà Giang và các huyện: Đồng Văn, Mèo Vạc, Yên Minh, Quản Bạ, Bắc Mê","Ông Hầu Văn Lý","202772","86.58"
"HÀ GIANG","Gồm thành phố Hà Giang và các huyện: Đồng Văn, Mèo Vạc, Yên Minh, Quản Bạ, Bắc Mê","Ông Trương Văn Man","37099","15.84"
"HÀ GIANG","Gồm thành phố Hà Giang và các huyện: Đồng Văn, Mèo Vạc, Yên Minh, Quản Bạ, Bắc Mê","Ông Sùng Mí Thề","29194","12.47"
"HÀ GIANG","Gồm các huyện: Vị Xuyên, Bắc Quang, Quang Bình, Hoàng Su Phì và Xín Mần","Bà Vương Ngọc Hà","230220","83.32"
"HÀ GIANG","Gồm các huyện: Vị Xuyên, Bắc Quang, Quang Bình, Hoàng Su Phì và Xín Mần","Ông Nguyễn Ngọc Hải","226872","82.11"
"HÀ GIANG","Gồm các huyện: Vị Xuyên, Bắc Quang, Quang Bình, Hoàng Su Phì và Xín Mần","Ông Thào Xuân Sùng","212211","76.80"
"HÀ GIANG","Gồm các huyện: Vị Xuyên, Bắc Quang, Quang Bình, Hoàng Su Phì và Xín Mần","Bà Vương Thị Nga","84069","30.43"
"HÀ GIANG","Gồm các huyện: Vị Xuyên, Bắc Quang, Quang Bình, Hoàng Su Phì và Xín Mần","Ông Nguyễn Duy Thực","67246","24.34"
"HÀ NAM","Gồm thành phố Phủ Lý và các huyện: Thanh Liêm, Bình Lục","Ông Trần Xuân Hùng","252019","83.48"
"HÀ NAM","Gồm thành phố Phủ Lý và các huyện: Thanh Liêm, Bình Lục","Ông Phùng Đức Tiến","213477","70.71"
"HÀ NAM","Gồm thành phố Phủ Lý và các huyện: Thanh Liêm, Bình Lục","Bà Trần Thị Hiền","206865","68.52"
"HÀ NAM","Gồm thành phố Phủ Lý và các huyện: Thanh Liêm, Bình Lục","Bà Trần Thị Thanh Bình","114565","37.95"
"HÀ NAM","Gồm thành phố Phủ Lý và các huyện: Thanh Liêm, Bình Lục","Ông Lê Đức Minh","103264","34.21"
"HÀ NAM","Gồm các huyện: Kim Bảng, Duy Tiên và Lý Nhân","Ông Ngô Xuân Lịch","311918","95.87"
"HÀ NAM","Gồm các huyện: Kim Bảng, Duy Tiên và Lý Nhân","Bà Hà Thị Minh Tâm","281810","86.62"
"HÀ NAM","Gồm các huyện: Kim Bảng, Duy Tiên và Lý Nhân","Ông Trần Tất Thế","209832","64.49"
"HÀ NAM","Gồm các huyện: Kim Bảng, Duy Tiên và Lý Nhân","Bà Nguyễn Thị Hồng Ngọc","160362","49.29"
"HÀ TĨNH","Gồm thành phố Hà Tĩnh, thị xã Kỳ Anh và các huyện: Kỳ Anh, Cẩm Xuyên, Hương Khê","Ông Vương Đình Huệ","340761","95.32"
"HÀ TĨNH","Gồm thành phố Hà Tĩnh, thị xã Kỳ Anh và các huyện: Kỳ Anh, Cẩm Xuyên, Hương Khê","Ông Nguyễn Văn Sơn (Nguyễn Sơn)","305079","85.34"
"HÀ TĨNH","Gồm thành phố Hà Tĩnh, thị xã Kỳ Anh và các huyện: Kỳ Anh, Cẩm Xuyên, Hương Khê","Ông Trần Đình Gia","304269","85.11"
"HÀ TĨNH","Gồm thành phố Hà Tĩnh, thị xã Kỳ Anh và các huyện: Kỳ Anh, Cẩm Xuyên, Hương Khê","Ông Trần Hữu Đức","60265","16.86"
"HÀ TĨNH","Gồm thành phố Hà Tĩnh, thị xã Kỳ Anh và các huyện: Kỳ Anh, Cẩm Xuyên, Hương Khê","Bà Ngô Thị Tâm Tình","49795","13.93"
"HÀ TĨNH","Gồm các huyện: Thạch Hà, Can Lộc, Nghi Xuân và Lộc Hà","Ông Đặng Quốc Khánh","274055","91.80"
"HÀ TĨNH","Gồm các huyện: Thạch Hà, Can Lộc, Nghi Xuân và Lộc Hà","Ông Lê Anh Tuấn","245113","82.11"
"HÀ TĨNH","Gồm các huyện: Thạch Hà, Can Lộc, Nghi Xuân và Lộc Hà","Bà Trần Thị Thúy Anh","40831","13.68"
"HÀ TĨNH","Gồm các huyện: Thạch Hà, Can Lộc, Nghi Xuân và Lộc Hà","Bà Đào Thị Phương Lan","33496","11.22"
"HÀ TĨNH","Gồm thị xã Hồng Lĩnh và các huyện: Đức Thọ, Hương Sơn, Vũ Quang","Bà Bùi Thị Quỳnh Thơ","156237","78.11"
"HÀ TĨNH","Gồm thị xã Hồng Lĩnh và các huyện: Đức Thọ, Hương Sơn, Vũ Quang","Ông Võ Kim Cự","150007","75"
"HÀ TĨNH","Gồm thị xã Hồng Lĩnh và các huyện: Đức Thọ, Hương Sơn, Vũ Quang","Bà Võ Thị Thu Hiền","49523","24.76"
"HÀ TĨNH","Gồm thị xã Hồng Lĩnh và các huyện: Đức Thọ, Hương Sơn, Vũ Quang","Bà Lê Nữ Cẩm Tú","40472","20.23"
"HẢI DƯƠNG","Gồm thị xã Chí Linh và các huyện: Kinh Môn, Kim Thành","Ông Nguyễn Hải Hưng","290128","84.21"
"HẢI DƯƠNG","Gồm thị xã Chí Linh và các huyện: Kinh Môn, Kim Thành","Bà Vũ Thị Thủy","221536","64.30"
"HẢI DƯƠNG","Gồm thị xã Chí Linh và các huyện: Kinh Môn, Kim Thành","Bà Đỗ Thị Thanh","95756","27.79"
"HẢI DƯƠNG","Gồm thị xã Chí Linh và các huyện: Kinh Môn, Kim Thành","Bà Lê Thị Thanh Thúy","78925","22.91"
"HẢI DƯƠNG","Gồm thành phố Hải Dương và các huyện: Nam Sách, Thanh Hà","Ông Nguyễn Dương Thái","306850","83.78"
"HẢI DƯƠNG","Gồm thành phố Hải Dương và các huyện: Nam Sách, Thanh Hà","Ông Hoàng Quốc Thưởng","302561","82.61"
"HẢI DƯƠNG","Gồm thành phố Hải Dương và các huyện: Nam Sách, Thanh Hà","Bà Lê Thị Thủy","276278","75.43"
"HẢI DƯƠNG","Gồm thành phố Hải Dương và các huyện: Nam Sách, Thanh Hà","Ông Nghiêm Xuân Tuấn","105694","28.86"
"HẢI DƯƠNG","Gồm thành phố Hải Dương và các huyện: Nam Sách, Thanh Hà","Ông Tăng Xuân Trung","95371","26.04"
"HẢI DƯƠNG","Gồm các huyện: Gia Lộc, Tứ Kỳ, Cẩm Giàng","Ông Phạm Xuân Thăng","226747","72.71"
"HẢI DƯƠNG","Gồm các huyện: Gia Lộc, Tứ Kỳ, Cẩm Giàng","Ông Võ Văn Kim (Vũ Trọng Kim)","216893","69.55"
"HẢI DƯƠNG","Gồm các huyện: Gia Lộc, Tứ Kỳ, Cẩm Giàng","Ông Vũ Trí Quang","103081","33.05"
"HẢI DƯƠNG","Gồm các huyện: Gia Lộc, Tứ Kỳ, Cẩm Giàng","Ông Nguyễn Hữu Thông","73179","23.47"
"HẢI DƯƠNG","Gồm các huyện: Bình Giang, Thanh Miện và Ninh Giang","Ông Bùi Mậu Quân","218184","77.75"
"HẢI DƯƠNG","Gồm các huyện: Bình Giang, Thanh Miện và Ninh Giang","Bà Nguyễn Thị Việt Nga","175189","62.43"
"HẢI DƯƠNG","Gồm các huyện: Bình Giang, Thanh Miện và Ninh Giang","Bà Trương Thị Vân Hà","87755","31.27"
"HẢI DƯƠNG","Gồm các huyện: Bình Giang, Thanh Miện và Ninh Giang","Bà Đào Thị Lan Anh","76952","27.42"
"HẬU GIANG","Gồm thành phố Vị Thanh và các huyện: Vị Thủy, Châu Thành, Châu Thành A","Ông Trịnh Xuân Thanh","198392","75.28"
"HẬU GIANG","Gồm thành phố Vị Thanh và các huyện: Vị Thủy, Châu Thành, Châu Thành A","Ông Đặng Thế Vinh","191906","72.82"
"HẬU GIANG","Gồm thành phố Vị Thanh và các huyện: Vị Thủy, Châu Thành, Châu Thành A","Bà Nguyễn Thanh Thủy","182726","69.33"
"HẬU GIANG","Gồm thành phố Vị Thanh và các huyện: Vị Thủy, Châu Thành, Châu Thành A","Bà Lâm Huỳnh Kim Chi","105047","39.86"
"HẬU GIANG","Gồm thành phố Vị Thanh và các huyện: Vị Thủy, Châu Thành, Châu Thành A","Bà Nguyễn Thị Lý","103412","39.24"
"HẬU GIANG","Gồm thị xã Ngã Bảy, thị xã Long Mỹ và các huyện: Phụng Hiệp, Long Mỹ","Ông Phạm Hồng Phong","213446","72.02"
"HẬU GIANG","Gồm thị xã Ngã Bảy, thị xã Long Mỹ và các huyện: Phụng Hiệp, Long Mỹ","Ông Phạm Thành Tâm","208413","70.33"
"HẬU GIANG","Gồm thị xã Ngã Bảy, thị xã Long Mỹ và các huyện: Phụng Hiệp, Long Mỹ","Ông Huỳnh Thanh Tạo","201825","68.10"
"HẬU GIANG","Gồm thị xã Ngã Bảy, thị xã Long Mỹ và các huyện: Phụng Hiệp, Long Mỹ","Ông Lâm Thanh Hùng (Lâm Văn Cường)","141835","47.86"
"HẬU GIANG","Gồm thị xã Ngã Bảy, thị xã Long Mỹ và các huyện: Phụng Hiệp, Long Mỹ","Bà Phạm Thị Thùy Dung","114417","38.61"
"HOÀ BÌNH","Gồm thành phố Hòa Bình và các huyện: Đà Bắc, Lương Sơn, Kim Bôi, Kỳ Sơn","Bà Nguyễn Thanh Hải","224777","77.14"
"HOÀ BÌNH","Gồm thành phố Hòa Bình và các huyện: Đà Bắc, Lương Sơn, Kim Bôi, Kỳ Sơn","Ông Nguyễn Tiến Sinh","195109","66.96"
"HOÀ BÌNH","Gồm thành phố Hòa Bình và các huyện: Đà Bắc, Lương Sơn, Kim Bôi, Kỳ Sơn","Bà Bùi Thu Hằng","190982","65.54"
"HOÀ BÌNH","Gồm thành phố Hòa Bình và các huyện: Đà Bắc, Lương Sơn, Kim Bôi, Kỳ Sơn","Ông Nguyễn Văn Ba","156548","53.73"
"HOÀ BÌNH","Gồm thành phố Hòa Bình và các huyện: Đà Bắc, Lương Sơn, Kim Bôi, Kỳ Sơn","Bà Nguyễn Thị San","99907","34.29"
"HOÀ BÌNH","Gồm các huyện: Cao Phong, Lạc Sơn, Lạc Thủy, Mai Châu, Tân Lạc và Yên Thủy","Ông Trần Đăng Ninh","258367","78.60"
"HOÀ BÌNH","Gồm các huyện: Cao Phong, Lạc Sơn, Lạc Thủy, Mai Châu, Tân Lạc và Yên Thủy","Bà Bạch Thị Hương Thủy","243397","74.04"
"HOÀ BÌNH","Gồm các huyện: Cao Phong, Lạc Sơn, Lạc Thủy, Mai Châu, Tân Lạc và Yên Thủy","Ông Quách Thế Tản","236241","71.87"
"HOÀ BÌNH","Gồm các huyện: Cao Phong, Lạc Sơn, Lạc Thủy, Mai Châu, Tân Lạc và Yên Thủy","Ông Tăng Văn Quang","124749","37.95"
"HOÀ BÌNH","Gồm các huyện: Cao Phong, Lạc Sơn, Lạc Thủy, Mai Châu, Tân Lạc và Yên Thủy","Ông Hà Mạnh Thắng","118936","36.18"
"HƯNG YÊN","Gồm thành phố Hưng Yên và các huyện: Kim Động, Khoái Châu, Yên Mỹ","Ông Đỗ Tiến Sỹ","380079","91.98"
"HƯNG YÊN","Gồm thành phố Hưng Yên và các huyện: Kim Động, Khoái Châu, Yên Mỹ","Bà Đoàn Thị Thanh Mai","356066","86.17"
"HƯNG YÊN","Gồm thành phố Hưng Yên và các huyện: Kim Động, Khoái Châu, Yên Mỹ","Bà Nguyễn Thị Phúc","332825","80.54"
"HƯNG YÊN","Gồm thành phố Hưng Yên và các huyện: Kim Động, Khoái Châu, Yên Mỹ","Ông Trương Văn Lành","87995","21.29"
"HƯNG YÊN","Gồm thành phố Hưng Yên và các huyện: Kim Động, Khoái Châu, Yên Mỹ","Bà Đặng Thị Thương","65114","15.76"
"HƯNG YÊN","Gồm các huyện: Tiên Lữ, Phù Cừ và Ân Thi","Ông Lê Quý Vương","195315","88.50"
"HƯNG YÊN","Gồm các huyện: Tiên Lữ, Phù Cừ và Ân Thi","Ông Trần Văn Quý","190686","86.40"
"HƯNG YÊN","Gồm các huyện: Tiên Lữ, Phù Cừ và Ân Thi","Ông Hoàng Văn Trường","27112","12.29"
"HƯNG YÊN","Gồm các huyện: Tiên Lữ, Phù Cừ và Ân Thi","Bà Nguyễn Thị Phương Nga","26128","11.84"
"HƯNG YÊN","Gồm các huyện: Văn Giang, Văn Lâm và Mỹ Hào","Ông Phạm Đình Toản","162719","69.46"
"HƯNG YÊN","Gồm các huyện: Văn Giang, Văn Lâm và Mỹ Hào","Bà Vũ Thị Nguyệt","147642","63.02"
"HƯNG YÊN","Gồm các huyện: Văn Giang, Văn Lâm và Mỹ Hào","Ông Đặng Tiến Dũng","93704","40"
"HƯNG YÊN","Gồm các huyện: Văn Giang, Văn Lâm và Mỹ Hào","Bà Lê Thị Hiền","60529","25.84"
"KHÁNH HOÀ","Gồm thị xã Ninh Hòa và huyện Vạn Ninh","Ông Lê Xuân Thân","236179","82.77"
"KHÁNH HOÀ","Gồm thị xã Ninh Hòa và huyện Vạn Ninh","Ông Nguyễn Khắc Định","175125","61.37"
"KHÁNH HOÀ","Gồm thị xã Ninh Hòa và huyện Vạn Ninh","Ông Trịnh Tiến Khoa","80225","28.11"
"KHÁNH HOÀ","Gồm thị xã Ninh Hòa và huyện Vạn Ninh","Bà Thái Thị Lệ Hằng","75733","26.54"
"KHÁNH HOÀ","Gồm thành phố Nha Trang","Bà Nguyễn Thị Xuân Thu","183752","60.23"
"KHÁNH HOÀ","Gồm thành phố Nha Trang","Ông Lữ Thanh Hải","161299","52.87"
"KHÁNH HOÀ","Gồm thành phố Nha Trang","Ông Phạm Cao Cường","151942","49.80"
"KHÁNH HOÀ","Gồm thành phố Nha Trang","Ông Nguyễn Văn Khả","109010","35.73"
"KHÁNH HOÀ","Gồm thành phố Cam Ranh và các huyện: Khánh Vĩnh, Diên Khánh, Cam Lâm, Khánh Sơn, Trường Sa","Ông Trần Ngọc Khánh","285938","83.21"
"KHÁNH HOÀ","Gồm thành phố Cam Ranh và các huyện: Khánh Vĩnh, Diên Khánh, Cam Lâm, Khánh Sơn, Trường Sa","Ông Đỗ Ngọc Thịnh","261563","76.11"
"KHÁNH HOÀ","Gồm thành phố Cam Ranh và các huyện: Khánh Vĩnh, Diên Khánh, Cam Lâm, Khánh Sơn, Trường Sa","Ông Lê Tuấn Tứ","246036","71.59"
"KHÁNH HOÀ","Gồm thành phố Cam Ranh và các huyện: Khánh Vĩnh, Diên Khánh, Cam Lâm, Khánh Sơn, Trường Sa","Bà Ca Tông Thị Mến","123872","36.05"
"KHÁNH HOÀ","Gồm thành phố Cam Ranh và các huyện: Khánh Vĩnh, Diên Khánh, Cam Lâm, Khánh Sơn, Trường Sa","Bà Mấu Thị Lệ Thu","99734","29.02"
"KIÊN GIANG","Gồm các huyện: Tân Hiệp, Kiên Hải, Giồng Riềng và Gò Quao","Ông Nguyễn Văn Luật","243927","67.70"
"KIÊN GIANG","Gồm các huyện: Tân Hiệp, Kiên Hải, Giồng Riềng và Gò Quao","Ông Hồ Văn Thái","226793","62.94"
"KIÊN GIANG","Gồm các huyện: Tân Hiệp, Kiên Hải, Giồng Riềng và Gò Quao","Ông Bùi Ngọc Thanh Trung","127312","35.33"
"KIÊN GIANG","Gồm các huyện: Tân Hiệp, Kiên Hải, Giồng Riềng và Gò Quao","Ông Phạm Quang Trí","122363","33.96"
"KIÊN GIANG","Gồm các huyện: An Biên, An Minh, Vĩnh Thuận, U Minh Thượng và Châu Thành","Ông Lê Thành Long","280989","75.22"
"KIÊN GIANG","Gồm các huyện: An Biên, An Minh, Vĩnh Thuận, U Minh Thượng và Châu Thành","Bà Nguyễn Thị Kim Bé","271696","72.73"
"KIÊN GIANG","Gồm các huyện: An Biên, An Minh, Vĩnh Thuận, U Minh Thượng và Châu Thành","Ông Trần Văn Huynh (Huệ Tín)","214813","57.50"
"KIÊN GIANG","Gồm các huyện: An Biên, An Minh, Vĩnh Thuận, U Minh Thượng và Châu Thành","Bà Nguyễn Thị Mai","204504","54.74"
"KIÊN GIANG","Gồm các huyện: An Biên, An Minh, Vĩnh Thuận, U Minh Thượng và Châu Thành","Ông Trần Hót Lái","141818","37.96"
"KIÊN GIANG","Gồm thành phố Rạch Giá, thị xã Hà Tiên và các huyện: Kiên Lương, Hòn Đất, Phú Quốc, Giang Thành","Ông Nguyễn Thanh Nghị","382661","81.66"
"KIÊN GIANG","Gồm thành phố Rạch Giá, thị xã Hà Tiên và các huyện: Kiên Lương, Hòn Đất, Phú Quốc, Giang Thành","Ông Bùi Đặng Dũng","333347","71.14"
"KIÊN GIANG","Gồm thành phố Rạch Giá, thị xã Hà Tiên và các huyện: Kiên Lương, Hòn Đất, Phú Quốc, Giang Thành","Bà Châu Quỳnh Dao","250122","53.38"
"KIÊN GIANG","Gồm thành phố Rạch Giá, thị xã Hà Tiên và các huyện: Kiên Lương, Hòn Đất, Phú Quốc, Giang Thành","Bà Danh Lâm Mỹ Phương","237178","50.61"
"KIÊN GIANG","Gồm thành phố Rạch Giá, thị xã Hà Tiên và các huyện: Kiên Lương, Hòn Đất, Phú Quốc, Giang Thành","Bà Danh Thị Tú Trinh","188296","40.18"
"KON TUM","Gồm thành phố Kon Tum và các huyện: Kon Plông, Kon Rẫy, Sa Thầy, Ia H`Drai","Ông Nguyễn Vinh Hà","150683","86.93"
"KON TUM","Gồm thành phố Kon Tum và các huyện: Kon Plông, Kon Rẫy, Sa Thầy, Ia H`Drai","Ông Tô Văn Tám","147903","85.33"
"KON TUM","Gồm thành phố Kon Tum và các huyện: Kon Plông, Kon Rẫy, Sa Thầy, Ia H`Drai","Ông A Long (Rơ Châm Long)","143051","82.53"
"KON TUM","Gồm thành phố Kon Tum và các huyện: Kon Plông, Kon Rẫy, Sa Thầy, Ia H`Drai","Ông Đinh Su Giang","42304","24.41"
"KON TUM","Gồm thành phố Kon Tum và các huyện: Kon Plông, Kon Rẫy, Sa Thầy, Ia H`Drai","Ông A Ten","32303","18.64"
"KON TUM","Gồm các huyện: Đắk Hà, Đắk Tô, Tu Mơ Rông, Ngọc Hồi và Đắk Glei","Ông Lê Chiêm","132992","92.24"
"KON TUM","Gồm các huyện: Đắk Hà, Đắk Tô, Tu Mơ Rông, Ngọc Hồi và Đắk Glei","Ông A Pớt","126487","87.73"
"KON TUM","Gồm các huyện: Đắk Hà, Đắk Tô, Tu Mơ Rông, Ngọc Hồi và Đắk Glei","Bà Y Nhàn","123769","85.84"
"KON TUM","Gồm các huyện: Đắk Hà, Đắk Tô, Tu Mơ Rông, Ngọc Hồi và Đắk Glei","Bà Nguyễn Thị Thương","27466","19.05"
"KON TUM","Gồm các huyện: Đắk Hà, Đắk Tô, Tu Mơ Rông, Ngọc Hồi và Đắk Glei","Bà Y Sương","20173","13.99"
"LAI CHÂU","Gồm thành phố Lai Châu và các huyện: Than Uyên, Tân Uyên, Tam Đường","Ông Tống Thanh Bình","113999","88.50"
"LAI CHÂU","Gồm thành phố Lai Châu và các huyện: Than Uyên, Tân Uyên, Tam Đường","Ông Chu Lé Chừ (Chu Lê Chinh)","111660","86.68"
"LAI CHÂU","Gồm thành phố Lai Châu và các huyện: Than Uyên, Tân Uyên, Tam Đường","Ông Phùng Quốc Hiển","108273","84.05"
"LAI CHÂU","Gồm thành phố Lai Châu và các huyện: Than Uyên, Tân Uyên, Tam Đường","Ông Lù Ngọc Quân (Lù Văn Quân)","28664","22.25"
"LAI CHÂU","Gồm thành phố Lai Châu và các huyện: Than Uyên, Tân Uyên, Tam Đường","Ông Lý Hà Cà","21533","16.72"
"LAI CHÂU","Gồm các huyện: Phong Thổ, Mường Tè, Sìn Hồ và Nậm Nhùn","Ông Nguyễn Hữu Toàn","111775","87.97"
"LAI CHÂU","Gồm các huyện: Phong Thổ, Mường Tè, Sìn Hồ và Nậm Nhùn","Bà Giàng Páo Mỷ","110474","86.94"
"LAI CHÂU","Gồm các huyện: Phong Thổ, Mường Tè, Sìn Hồ và Nậm Nhùn","Ông Lò A Tư","80716","63.52"
"LAI CHÂU","Gồm các huyện: Phong Thổ, Mường Tè, Sìn Hồ và Nậm Nhùn","Ông Tào A Tường","44081","34.69"
"LAI CHÂU","Gồm các huyện: Phong Thổ, Mường Tè, Sìn Hồ và Nậm Nhùn","Bà Lý Thị Na","31970","25.16"
"LẠNG SƠN","Gồm các huyện: Bắc Sơn, Bình Gia, Văn Quan, Chi Lăng và Hữu Lũng","Ông Dương Xuân Hòa","215063","75.92"
"LẠNG SƠN","Gồm các huyện: Bắc Sơn, Bình Gia, Văn Quan, Chi Lăng và Hữu Lũng","Bà Ngàn Phương Loan","199028","70.26"
"LẠNG SƠN","Gồm các huyện: Bắc Sơn, Bình Gia, Văn Quan, Chi Lăng và Hữu Lũng","Ông Nguyễn Lâm Thành","190692","67.31"
"LẠNG SƠN","Gồm các huyện: Bắc Sơn, Bình Gia, Văn Quan, Chi Lăng và Hữu Lũng","Bà Hoàng Thị Thanh Tâm","118072","41.68"
"LẠNG SƠN","Gồm các huyện: Bắc Sơn, Bình Gia, Văn Quan, Chi Lăng và Hữu Lũng","Bà Nông Thu Hồng","117156","41.36"
"LẠNG SƠN","Gồm thành phố Lạng Sơn và các huyện: Tràng Định, Văn Lãng, Cao Lộc, Lộc Bình, Đình Lập","Ông Triệu Tuấn Hải","211738","74.20"
"LẠNG SƠN","Gồm thành phố Lạng Sơn và các huyện: Tràng Định, Văn Lãng, Cao Lộc, Lộc Bình, Đình Lập","Ông Trần Sỹ Thanh","196614","68.90"
"LẠNG SƠN","Gồm thành phố Lạng Sơn và các huyện: Tràng Định, Văn Lãng, Cao Lộc, Lộc Bình, Đình Lập","Ông Võ Trọng Việt","184749","64.74"
"LẠNG SƠN","Gồm thành phố Lạng Sơn và các huyện: Tràng Định, Văn Lãng, Cao Lộc, Lộc Bình, Đình Lập","Ông Hoàng Văn Nguyên","138547","48.55"
"LẠNG SƠN","Gồm thành phố Lạng Sơn và các huyện: Tràng Định, Văn Lãng, Cao Lộc, Lộc Bình, Đình Lập","Ông Bùi Quang Hiển","116371","40.78"
"LÀO CAI","Gồm thành phố Lào Cai và các huyện: Bát Xát, Sa Pa, Văn Bàn","Ông Vũ Xuân Cường","185406","82.62"
"LÀO CAI","Gồm thành phố Lào Cai và các huyện: Bát Xát, Sa Pa, Văn Bàn","Bà Lê Thu Hà","180399","80.39"
"LÀO CAI","Gồm thành phố Lào Cai và các huyện: Bát Xát, Sa Pa, Văn Bàn","Ông Vương Văn Sáng","153091","68.22"
"LÀO CAI","Gồm thành phố Lào Cai và các huyện: Bát Xát, Sa Pa, Văn Bàn","Ông Phan Như Quỳnh","86632","38.60"
"LÀO CAI","Gồm thành phố Lào Cai và các huyện: Bát Xát, Sa Pa, Văn Bàn","Ông Đỗ Hiếu Thảo","61647","27.47"
"LÀO CAI","Gồm các huyện: Bảo Thắng, Bảo Yên, Bắc Hà, Mường Khương và Si Ma Cai","Ông Đỗ Bá Tỵ","195359","86.13"
"LÀO CAI","Gồm các huyện: Bảo Thắng, Bảo Yên, Bắc Hà, Mường Khương và Si Ma Cai","Bà Giàng Thị Bình","194824","85.89"
"LÀO CAI","Gồm các huyện: Bảo Thắng, Bảo Yên, Bắc Hà, Mường Khương và Si Ma Cai","Ông Sần Sín Sỉnh","175000","77.15"
"LÀO CAI","Gồm các huyện: Bảo Thắng, Bảo Yên, Bắc Hà, Mường Khương và Si Ma Cai","Bà Sùng Thị Pằng","56569","24.94"
"LÀO CAI","Gồm các huyện: Bảo Thắng, Bảo Yên, Bắc Hà, Mường Khương và Si Ma Cai","Ông Giàng Củi Tờ","51480","22.70"
"LÂM ĐỒNG","Gồm thành phố Đà Lạt và các huyện: Lạc Dương, Đơn Dương, Đức Trọng","Ông Triệu Thế Hùng","310140","82.66"
"LÂM ĐỒNG","Gồm thành phố Đà Lạt và các huyện: Lạc Dương, Đơn Dương, Đức Trọng","Ông Nguyễn Tạo","303957","81.01"
"LÂM ĐỒNG","Gồm thành phố Đà Lạt và các huyện: Lạc Dương, Đơn Dương, Đức Trọng","Bà Ka Hòr (Ka Ho)","171920","45.82"
"LÂM ĐỒNG","Gồm thành phố Đà Lạt và các huyện: Lạc Dương, Đơn Dương, Đức Trọng","Bà Ro Da Nai Vi","165370","44.07"
"LÂM ĐỒNG","Gồm thành phố Đà Lạt và các huyện: Lạc Dương, Đơn Dương, Đức Trọng","Bà Ka Trang","153650","40.95"
"LÂM ĐỒNG","Gồm các huyện: Lâm Hà, Đam Rông và Di Linh","Bà Trương Thị Mai","194275","79.93"
"LÂM ĐỒNG","Gồm các huyện: Lâm Hà, Đam Rông và Di Linh","Ông K`Nhiễu","140878","57.96"
"LÂM ĐỒNG","Gồm các huyện: Lâm Hà, Đam Rông và Di Linh","Ông Hoàng Trọng Vinh","94587","38.92"
"LÂM ĐỒNG","Gồm các huyện: Lâm Hà, Đam Rông và Di Linh","Ông K’ Đung","51610","21.23"
"LÂM ĐỒNG","Gồm thành phố Bảo Lộc và các huyện: Bảo Lâm, Đạ Huoai, Đạ Tẻh, Cát Tiên","Ông Đoàn Văn Việt","210370","74.02"
"LÂM ĐỒNG","Gồm thành phố Bảo Lộc và các huyện: Bảo Lâm, Đạ Huoai, Đạ Tẻh, Cát Tiên","Ông Nguyễn Văn Hiển","187051","65.82"
"LÂM ĐỒNG","Gồm thành phố Bảo Lộc và các huyện: Bảo Lâm, Đạ Huoai, Đạ Tẻh, Cát Tiên","Ông Phan Tuấn Anh","105388","37.08"
"LÂM ĐỒNG","Gồm thành phố Bảo Lộc và các huyện: Bảo Lâm, Đạ Huoai, Đạ Tẻh, Cát Tiên","Ông Đỗ Công Kim","59574","20.96"
"LONG AN","Gồm các huyện: Đức Huệ, Đức Hòa, Bến Lức và Thủ Thừa","Ông Trương Hòa Bình","344083","81.19"
"LONG AN","Gồm các huyện: Đức Huệ, Đức Hòa, Bến Lức và Thủ Thừa","Ông Đặng Hoàng Tuấn","262651","61.98"
"LONG AN","Gồm các huyện: Đức Huệ, Đức Hòa, Bến Lức và Thủ Thừa","Ông Trương Văn Nọ","243239","57.40"
"LONG AN","Gồm các huyện: Đức Huệ, Đức Hòa, Bến Lức và Thủ Thừa","Bà Hồ Thị Diệp Thúy","207601","48.99"
"LONG AN","Gồm các huyện: Đức Huệ, Đức Hòa, Bến Lức và Thủ Thừa","Bà Lê Thị Song An","205605","48.52"
"LONG AN","Gồm thành phố Tân An và các huyện: Châu Thành, Tân Trụ, Cần Đước, Cần Giuộc","Ông Trương Phi Hùng","337523","64.62"
"LONG AN","Gồm thành phố Tân An và các huyện: Châu Thành, Tân Trụ, Cần Đước, Cần Giuộc","Bà Phan Thị Mỹ Dung","328259","62.85"
"LONG AN","Gồm thành phố Tân An và các huyện: Châu Thành, Tân Trụ, Cần Đước, Cần Giuộc","Ông Nguyễn Tuấn Anh","316834","60.66"
"LONG AN","Gồm thành phố Tân An và các huyện: Châu Thành, Tân Trụ, Cần Đước, Cần Giuộc","Ông Trần Văn Cần","314581","60.23"
"LONG AN","Gồm thành phố Tân An và các huyện: Châu Thành, Tân Trụ, Cần Đước, Cần Giuộc","Ông Trần Tam","256562","49.12"
"LONG AN","Gồm thị xã Kiến Tường và các huyện: Thạnh Hóa, Tân Thạnh, Mộc Hóa, Vĩnh Hưng, Tân Hưng","Ông Lê Công Đỉnh","147011","60.98"
"LONG AN","Gồm thị xã Kiến Tường và các huyện: Thạnh Hóa, Tân Thạnh, Mộc Hóa, Vĩnh Hưng, Tân Hưng","Ông Hoàng Văn Liên","122768","50.93"
"LONG AN","Gồm thị xã Kiến Tường và các huyện: Thạnh Hóa, Tân Thạnh, Mộc Hóa, Vĩnh Hưng, Tân Hưng","Bà Đặng Thị Uyên Phương","112328","46.59"
"LONG AN","Gồm thị xã Kiến Tường và các huyện: Thạnh Hóa, Tân Thạnh, Mộc Hóa, Vĩnh Hưng, Tân Hưng","Ông Phạm Văn Thịnh","98538","40.87"
"NAM ĐỊNH","Gồm thành phố Nam Định và các huyện: Mỹ Lộc, Vụ Bản, Ý Yên","Ông Đoàn Hồng Phong","428529","84.96"
"NAM ĐỊNH","Gồm thành phố Nam Định và các huyện: Mỹ Lộc, Vụ Bản, Ý Yên","Ông Nguyễn Văn Pha","382178","75.77"
"NAM ĐỊNH","Gồm thành phố Nam Định và các huyện: Mỹ Lộc, Vụ Bản, Ý Yên","Bà Đặng Thị Phương Thảo","281339","55.78"
"NAM ĐỊNH","Gồm thành phố Nam Định và các huyện: Mỹ Lộc, Vụ Bản, Ý Yên","Bà Phạm Thị Minh Tâm","202044","40.06"
"NAM ĐỊNH","Gồm thành phố Nam Định và các huyện: Mỹ Lộc, Vụ Bản, Ý Yên","Bà Vũ Thị Hồng Giang","197733","39.20"
"NAM ĐỊNH","Gồm các huyện: Nam Trực, Nghĩa Hưng và Trực Ninh","Ông Trương Anh Tuấn","308186","75.49"
"NAM ĐỊNH","Gồm các huyện: Nam Trực, Nghĩa Hưng và Trực Ninh","Bà Mai Thị Phương Hoa","302086","74"
"NAM ĐỊNH","Gồm các huyện: Nam Trực, Nghĩa Hưng và Trực Ninh","Ông Đào Việt Trung","286474","70.17"
"NAM ĐỊNH","Gồm các huyện: Nam Trực, Nghĩa Hưng và Trực Ninh","Bà Đặng Thị Kim Nhung","164598","40.32"
"NAM ĐỊNH","Gồm các huyện: Nam Trực, Nghĩa Hưng và Trực Ninh","Bà Trương Thị Hương","143491","35.15"
"NAM ĐỊNH","Gồm các huyện: Xuân Trường, Giao Thủy và Hải Hậu","Ông Trần Quang Chiểu","379563","80.38"
"NAM ĐỊNH","Gồm các huyện: Xuân Trường, Giao Thủy và Hải Hậu","Ông Phạm Văn Nấng (Phạm Quang Dũng)","329498","69.77"
"NAM ĐỊNH","Gồm các huyện: Xuân Trường, Giao Thủy và Hải Hậu","Ông Nguyễn Quang Ngọc","326170","69.07"
"NAM ĐỊNH","Gồm các huyện: Xuân Trường, Giao Thủy và Hải Hậu","Bà Nguyễn Thị Thu Hằng","194005","41.08"
"NAM ĐỊNH","Gồm các huyện: Xuân Trường, Giao Thủy và Hải Hậu","Ông Phạm Văn Biên","157150","33.28"
"NGHỆ AN","Gồm các huyện: Kỳ Sơn, Tương Dương, Con Cuông, Anh Sơn và Đô Lương","Ông Nguyễn Hữu Cầu","301858","90.36"
"NGHỆ AN","Gồm các huyện: Kỳ Sơn, Tương Dương, Con Cuông, Anh Sơn và Đô Lương","Ông Lê Quang Huy","286458","85.75"
"NGHỆ AN","Gồm các huyện: Kỳ Sơn, Tương Dương, Con Cuông, Anh Sơn và Đô Lương","Bà Nguyễn Thị Thanh Xuân","42714","12.79"
"NGHỆ AN","Gồm các huyện: Kỳ Sơn, Tương Dương, Con Cuông, Anh Sơn và Đô Lương","Ông Nguyễn Văn Kim","34374","10.29"
"NGHỆ AN","Gồm thị xã Thái Hoà và các huyện: Quế Phong, Quỳ Châu, Quỳ Hợp, Nghĩa Đàn, Tân Kỳ","Ông Phan Đình Trạc","347194","88.65"
"NGHỆ AN","Gồm thị xã Thái Hoà và các huyện: Quế Phong, Quỳ Châu, Quỳ Hợp, Nghĩa Đàn, Tân Kỳ","Bà Nguyễn Thị Thảo","315186","80.47"
"NGHỆ AN","Gồm thị xã Thái Hoà và các huyện: Quế Phong, Quỳ Châu, Quỳ Hợp, Nghĩa Đàn, Tân Kỳ","Ông Mong Văn Tình","246443","62.92"
"NGHỆ AN","Gồm thị xã Thái Hoà và các huyện: Quế Phong, Quỳ Châu, Quỳ Hợp, Nghĩa Đàn, Tân Kỳ","Ông Phan Văn Quý","151765","38.75"
"NGHỆ AN","Gồm thị xã Thái Hoà và các huyện: Quế Phong, Quỳ Châu, Quỳ Hợp, Nghĩa Đàn, Tân Kỳ","Bà Nguyễn Thị Thanh","105467","26.93"
"NGHỆ AN","Gồm thị xã Hoàng Mai và các huyện: Yên Thành và Quỳnh Lưu","Ông Nguyễn Đắc Vinh","324788","80.69"
"NGHỆ AN","Gồm thị xã Hoàng Mai và các huyện: Yên Thành và Quỳnh Lưu","Ông Nguyễn Sỹ Hội","323281","80.31"
"NGHỆ AN","Gồm thị xã Hoàng Mai và các huyện: Yên Thành và Quỳnh Lưu","Bà Hoàng Thị Thu Trang","308949","76.75"
"NGHỆ AN","Gồm thị xã Hoàng Mai và các huyện: Yên Thành và Quỳnh Lưu","Ông Nguyễn Mạnh Hà","116485","28.94"
"NGHỆ AN","Gồm thị xã Hoàng Mai và các huyện: Yên Thành và Quỳnh Lưu","Ông Nguyễn Văn Công","112933","28.06"
"NGHỆ AN","Gồm thành phố Vinh và các huyện: Thanh Chương, Nam Đàn, Hưng Nguyên","Ông Hồ Đức Phớc","499117","87.40"
"NGHỆ AN","Gồm thành phố Vinh và các huyện: Thanh Chương, Nam Đàn, Hưng Nguyên","Ông Trần Văn Mão","463363","81.14"
"NGHỆ AN","Gồm thành phố Vinh và các huyện: Thanh Chương, Nam Đàn, Hưng Nguyên","Bà Đinh Thị Kiều Trinh","386729","67.72"
"NGHỆ AN","Gồm thành phố Vinh và các huyện: Thanh Chương, Nam Đàn, Hưng Nguyên","Bà Võ Thị Thanh Huyền","199410","34.92"
"NGHỆ AN","Gồm thành phố Vinh và các huyện: Thanh Chương, Nam Đàn, Hưng Nguyên","Bà Bùi Thị Hoa","144923","25.38"
"NGHỆ AN","Gồm thị xã Cửa Lò và các huyện: Diễn Châu, Nghi Lộc","Bà Nguyễn Vân Chi","311541","86.36"
"NGHỆ AN","Gồm thị xã Cửa Lò và các huyện: Diễn Châu, Nghi Lộc","Ông Nguyễn Thanh Hiền","269836","74.80"
"NGHỆ AN","Gồm thị xã Cửa Lò và các huyện: Diễn Châu, Nghi Lộc","Ông Cao Khắc Chiến","75179","20.84"
"NGHỆ AN","Gồm thị xã Cửa Lò và các huyện: Diễn Châu, Nghi Lộc","Ông Phan Tiến Dũng","60807","16.86"
"NINH BÌNH","Gồm thành phố Ninh Bình và các huyện: Nho Quan, Gia Viễn, Hoa Lư","Ông Đinh Tiến Dũng","318331","95.44"
"NINH BÌNH","Gồm thành phố Ninh Bình và các huyện: Nho Quan, Gia Viễn, Hoa Lư","Ông Nguyễn Thành Công","290111","86.97"
"NINH BÌNH","Gồm thành phố Ninh Bình và các huyện: Nho Quan, Gia Viễn, Hoa Lư","Ông Bùi Văn Phương","284475","85.29"
"NINH BÌNH","Gồm thành phố Ninh Bình và các huyện: Nho Quan, Gia Viễn, Hoa Lư","Bà Bùi Thị Hồng Hạnh","54038","16.20"
"NINH BÌNH","Gồm thành phố Ninh Bình và các huyện: Nho Quan, Gia Viễn, Hoa Lư","Bà Đinh Thị Thanh Nhàn","44281","13.28"
"NINH BÌNH","Gồm thành phố Tam Điệp và các huyện: Kim Sơn, Yên Khánh, Yên Mô","Bà Nguyễn Thị Thanh","338054","94.70"
"NINH BÌNH","Gồm thành phố Tam Điệp và các huyện: Kim Sơn, Yên Khánh, Yên Mô","Ông Mai Khanh","304568","85.32"
"NINH BÌNH","Gồm thành phố Tam Điệp và các huyện: Kim Sơn, Yên Khánh, Yên Mô","Ông Nguyễn Phương Tuấn","297034","83.21"
"NINH BÌNH","Gồm thành phố Tam Điệp và các huyện: Kim Sơn, Yên Khánh, Yên Mô","Bà Nguyễn Thị Bích Thủy","86559","24.25"
"NINH BÌNH","Gồm thành phố Tam Điệp và các huyện: Kim Sơn, Yên Khánh, Yên Mô","Bà Bùi Thị Ý","34339","9.62"
"NINH THUẬN","Gồm thành phố Phan Rang - Tháp Chàm và các huyện: Bác Ái, Ninh Sơn, Thuận Bắc","Ông Nguyễn Sỹ Cương","185946","79.56"
"NINH THUẬN","Gồm thành phố Phan Rang - Tháp Chàm và các huyện: Bác Ái, Ninh Sơn, Thuận Bắc","Bà Nguyễn Thị Hồng Hà","181875","77.82"
"NINH THUẬN","Gồm thành phố Phan Rang - Tháp Chàm và các huyện: Bác Ái, Ninh Sơn, Thuận Bắc","Ông Phạm Huyền Ngọc","176683","75.59"
"NINH THUẬN","Gồm thành phố Phan Rang - Tháp Chàm và các huyện: Bác Ái, Ninh Sơn, Thuận Bắc","Bà Tạ Yên Thị Hường","93049","39.81"
"NINH THUẬN","Gồm thành phố Phan Rang - Tháp Chàm và các huyện: Bác Ái, Ninh Sơn, Thuận Bắc","Ông Chamaléa Thiên","54692","23.40"
"NINH THUẬN","Gồm các huyện: Ninh Hải, Thuận Nam, Ninh Phước","Bà Đàng Thị Mỹ Hương","160606","73.80"
"NINH THUẬN","Gồm các huyện: Ninh Hải, Thuận Nam, Ninh Phước","Ông Phan Xuân Dũng","160016","73.53"
"NINH THUẬN","Gồm các huyện: Ninh Hải, Thuận Nam, Ninh Phước","Ông Nguyễn Bắc Việt","154990","71.22"
"NINH THUẬN","Gồm các huyện: Ninh Hải, Thuận Nam, Ninh Phước","Ông Hồ Quốc Bình","82281","37.81"
"NINH THUẬN","Gồm các huyện: Ninh Hải, Thuận Nam, Ninh Phước","Bà Não Thiên Hằng Nga","77248","35.50"
"PHÚ THỌ","Gồm thành phố Việt Trì và các huyện: Tam Nông, Tân Sơn, Thanh Sơn, Thanh Thủy, Yên Lập","Ông Bùi Minh Châu","444754","90.52"
"PHÚ THỌ","Gồm thành phố Việt Trì và các huyện: Tam Nông, Tân Sơn, Thanh Sơn, Thanh Thủy, Yên Lập","Bà Lê Thị Yến","351148","71.47"
"PHÚ THỌ","Gồm thành phố Việt Trì và các huyện: Tam Nông, Tân Sơn, Thanh Sơn, Thanh Thủy, Yên Lập","Bà Đinh Thị Bình","327814","66.72"
"PHÚ THỌ","Gồm thành phố Việt Trì và các huyện: Tam Nông, Tân Sơn, Thanh Sơn, Thanh Thủy, Yên Lập","Bà Phạm Thị Hoa","167555","34.10"
"PHÚ THỌ","Gồm thành phố Việt Trì và các huyện: Tam Nông, Tân Sơn, Thanh Sơn, Thanh Thủy, Yên Lập","Bà Đinh Thị Tuyết Ngân","165196","33.62"
"PHÚ THỌ","Gồm thị xã Phú Thọ và các huyện: Phù Ninh, Lâm Thao, Đoan Hùng","Ông Nguyễn Hồng Thái","229740","76.56"
"PHÚ THỌ","Gồm thị xã Phú Thọ và các huyện: Phù Ninh, Lâm Thao, Đoan Hùng","Bà Nguyễn Thúy Anh","223964","74.63"
"PHÚ THỌ","Gồm thị xã Phú Thọ và các huyện: Phù Ninh, Lâm Thao, Đoan Hùng","Bà Nguyễn Thị Hồng Nhung","80419","26.80"
"PHÚ THỌ","Gồm thị xã Phú Thọ và các huyện: Phù Ninh, Lâm Thao, Đoan Hùng","Bà Khương Thị Lan Phương","60479","20.15"
"PHÚ THỌ","Gồm các huyện: Thanh Ba, Hạ Hòa, Cẩm Khê","Ông Hoàng Quang Hàm","201604","75.16"
"PHÚ THỌ","Gồm các huyện: Thanh Ba, Hạ Hòa, Cẩm Khê","Ông Cao Đình Thưởng","199065","74.21"
"PHÚ THỌ","Gồm các huyện: Thanh Ba, Hạ Hòa, Cẩm Khê","Bà Đinh Thị Nhung","76075","28.36"
"PHÚ THỌ","Gồm các huyện: Thanh Ba, Hạ Hòa, Cẩm Khê","Bà Trương Tôn Nữ Khánh Trang","56009","20.88"
"PHÚ YÊN","Gồm các huyện: Phú Hòa, Đông Hòa, Tây Hòa, Sơn Hòa và Sông Hinh","Ông Nguyễn Thái Học","288556","84.06"
"PHÚ YÊN","Gồm các huyện: Phú Hòa, Đông Hòa, Tây Hòa, Sơn Hòa và Sông Hinh","Ông Phan Anh Khoa","258797","75.39"
"PHÚ YÊN","Gồm các huyện: Phú Hòa, Đông Hòa, Tây Hòa, Sơn Hòa và Sông Hinh","Bà Phạm Thị Minh Hiền","188939","55.04"
"PHÚ YÊN","Gồm các huyện: Phú Hòa, Đông Hòa, Tây Hòa, Sơn Hòa và Sông Hinh","Ông Y Thông","171347","49.92"
"PHÚ YÊN","Gồm các huyện: Phú Hòa, Đông Hòa, Tây Hòa, Sơn Hòa và Sông Hinh","Ông Lơ Mô Tu (Ma Thanh)","106465","31.01"
"PHÚ YÊN","Gồm thành phố Tuy Hòa, thị xã Sông Cầu và các huyện: Đồng Xuân, Tuy An","Ông Đinh Văn Nhã","264443","78.47"
"PHÚ YÊN","Gồm thành phố Tuy Hòa, thị xã Sông Cầu và các huyện: Đồng Xuân, Tuy An","Ông Hoàng Văn Trà","256213","76.03"
"PHÚ YÊN","Gồm thành phố Tuy Hòa, thị xã Sông Cầu và các huyện: Đồng Xuân, Tuy An","Ông Nguyễn Hồng Vân","231467","68.68"
"PHÚ YÊN","Gồm thành phố Tuy Hòa, thị xã Sông Cầu và các huyện: Đồng Xuân, Tuy An","Bà Đặng Thị Hồng Nga","114696","34.03"
"PHÚ YÊN","Gồm thành phố Tuy Hòa, thị xã Sông Cầu và các huyện: Đồng Xuân, Tuy An","Bà Lâm Vũ Mỹ Hạnh","103110","30.60"
"QUẢNG NINH","Gồm thành phố Hạ Long, thành phố Cẩm Phả và huyện Hoành Bồ","Ông Phạm Minh Chính","321908","91.06"
"QUẢNG NINH","Gồm thành phố Hạ Long, thành phố Cẩm Phả và huyện Hoành Bồ","Ông Vũ Hồng Thanh","298296","84.38"
"QUẢNG NINH","Gồm thành phố Hạ Long, thành phố Cẩm Phả và huyện Hoành Bồ","Ông Lê Minh Chuẩn","274310","77.60"
"QUẢNG NINH","Gồm thành phố Hạ Long, thành phố Cẩm Phả và huyện Hoành Bồ","Ông Hoàng Bạch Đằng","95167","26.92"
"QUẢNG NINH","Gồm thành phố Hạ Long, thành phố Cẩm Phả và huyện Hoành Bồ","Ông Vũ Xuân Phú","63194","17.88"
"QUẢNG NINH","Gồm thành phố Uông Bí và các thị xã: Đông Triều, Quảng Yên","Bà Ngô Thị Minh","261723","82.65"
"QUẢNG NINH","Gồm thành phố Uông Bí và các thị xã: Đông Triều, Quảng Yên","Ông Lương Công Quyết (Thượng tọa Thích Thanh Quyết)","256574","81.03"
"QUẢNG NINH","Gồm thành phố Uông Bí và các thị xã: Đông Triều, Quảng Yên","Ông Bùi Đình Đạt (Đại Đức Thích Giác Đạt)","58063","18.34"
"QUẢNG NINH","Gồm thành phố Uông Bí và các thị xã: Đông Triều, Quảng Yên","Ông Lê Văn Năm (Đại Đức Thích Hạnh Ngộ)","51929","16.40"
"QUẢNG NINH","Gồm thành phố Móng Cái và các huyện: Vân Đồn, Cô Tô, Tiên Yên, Đầm Hà, Hải Hà, Bình Liêu, Ba Chẽ","Ông Trần Văn Minh","179007","74.99"
"QUẢNG NINH","Gồm thành phố Móng Cái và các huyện: Vân Đồn, Cô Tô, Tiên Yên, Đầm Hà, Hải Hà, Bình Liêu, Ba Chẽ","Bà Đỗ Thị Lan","165734","69.43"
"QUẢNG NINH","Gồm thành phố Móng Cái và các huyện: Vân Đồn, Cô Tô, Tiên Yên, Đầm Hà, Hải Hà, Bình Liêu, Ba Chẽ","Bà Nguyễn Thị Thu Hà","71224","29.84"
"QUẢNG NINH","Gồm thành phố Móng Cái và các huyện: Vân Đồn, Cô Tô, Tiên Yên, Đầm Hà, Hải Hà, Bình Liêu, Ba Chẽ","Ông Chu Đình Hiển","59805","25.05"
"QUẢNG BÌNH","Gồm thị xã Ba Đồn và các huyện: Minh Hóa, Tuyên Hóa, Quảng Trạch","Ông Nguyễn Mạnh Cường","202071","88.63"
"QUẢNG BÌNH","Gồm thị xã Ba Đồn và các huyện: Minh Hóa, Tuyên Hóa, Quảng Trạch","Ông Nguyễn Văn Man","188441","82.65"
"QUẢNG BÌNH","Gồm thị xã Ba Đồn và các huyện: Minh Hóa, Tuyên Hóa, Quảng Trạch","Bà Cao Thị Giang","164356","72.08"
"QUẢNG BÌNH","Gồm thị xã Ba Đồn và các huyện: Minh Hóa, Tuyên Hóa, Quảng Trạch","Bà Trương Thị Tư","59502","26.10"
"QUẢNG BÌNH","Gồm thị xã Ba Đồn và các huyện: Minh Hóa, Tuyên Hóa, Quảng Trạch","Bà Đinh Thị Dung","58682","25.74"
"QUẢNG BÌNH","Gồm thành phố Đồng Hới và các huyện: Lệ Thủy, Quảng Ninh, Bố Trạch","Ông Nguyễn Văn Bình","328948","88.68"
"QUẢNG BÌNH","Gồm thành phố Đồng Hới và các huyện: Lệ Thủy, Quảng Ninh, Bố Trạch","Ông Trần Công Thuật","311176","83.88"
"QUẢNG BÌNH","Gồm thành phố Đồng Hới và các huyện: Lệ Thủy, Quảng Ninh, Bố Trạch","Ông Nguyễn Ngọc Phương","287239","77.43"
"QUẢNG BÌNH","Gồm thành phố Đồng Hới và các huyện: Lệ Thủy, Quảng Ninh, Bố Trạch","Ông Lê Phong Hồng","90152","24.30"
"QUẢNG BÌNH","Gồm thành phố Đồng Hới và các huyện: Lệ Thủy, Quảng Ninh, Bố Trạch","Bà Trương Thị Thanh Hoa","81551","21.98"
"QUẢNG NAM","Gồm thị xã Điện Bàn và các huyện: Đại Lộc, Đông Giang, Tây Giang, Nam Giang, Phước Sơn","Ông Nguyễn Quang Dũng","279616","82.37"
"QUẢNG NAM","Gồm thị xã Điện Bàn và các huyện: Đại Lộc, Đông Giang, Tây Giang, Nam Giang, Phước Sơn","Ông Nguyễn Đình Tiến","271885","80.09"
"QUẢNG NAM","Gồm thị xã Điện Bàn và các huyện: Đại Lộc, Đông Giang, Tây Giang, Nam Giang, Phước Sơn","Bà PơLoong Thị Những","71886","21.18"
"QUẢNG NAM","Gồm thị xã Điện Bàn và các huyện: Đại Lộc, Đông Giang, Tây Giang, Nam Giang, Phước Sơn","Ông Giri Thái Sơn","54489","16.05"
"QUẢNG NAM","Gồm thành phố Hội An và các huyện: Duy Xuyên, Quế Sơn, Nông Sơn, Thăng Bình, Hiệp Đức","Ông Phan Việt Cường","350974","80.37"
"QUẢNG NAM","Gồm thành phố Hội An và các huyện: Duy Xuyên, Quế Sơn, Nông Sơn, Thăng Bình, Hiệp Đức","Ông Ngô Văn Minh","345595","79.13"
"QUẢNG NAM","Gồm thành phố Hội An và các huyện: Duy Xuyên, Quế Sơn, Nông Sơn, Thăng Bình, Hiệp Đức","Ông Phan Thái Bình","335816","76.89"
"QUẢNG NAM","Gồm thành phố Hội An và các huyện: Duy Xuyên, Quế Sơn, Nông Sơn, Thăng Bình, Hiệp Đức","Bà Huỳnh Thị Thủy","137986","31.60"
"QUẢNG NAM","Gồm thành phố Hội An và các huyện: Duy Xuyên, Quế Sơn, Nông Sơn, Thăng Bình, Hiệp Đức","Bà Lê Thủy Trinh","131387","30.08"
"QUẢNG NAM","Gồm thành phố Tam Kỳ và các huyện: Núi Thành, Tiên Phước, Nam Trà My, Bắc Trà My, Phú Ninh","Ông Nguyễn Đức Hải","297017","83.65"
"QUẢNG NAM","Gồm thành phố Tam Kỳ và các huyện: Núi Thành, Tiên Phước, Nam Trà My, Bắc Trà My, Phú Ninh","Ông Lê Ngọc Hải","254989","71.81"
"QUẢNG NAM","Gồm thành phố Tam Kỳ và các huyện: Núi Thành, Tiên Phước, Nam Trà My, Bắc Trà My, Phú Ninh","Ông Nguyễn Quốc Khánh","235481","66.32"
"QUẢNG NAM","Gồm thành phố Tam Kỳ và các huyện: Núi Thành, Tiên Phước, Nam Trà My, Bắc Trà My, Phú Ninh","Bà Nguyễn Thị Thu Hiền","156246","44"
"QUẢNG NAM","Gồm thành phố Tam Kỳ và các huyện: Núi Thành, Tiên Phước, Nam Trà My, Bắc Trà My, Phú Ninh","Ông Nguyễn Viết Thành","111859","31.50"
"QUẢNG NGÃI","Gồm các huyện: Bình Sơn, Sơn Tịnh, Trà Bồng, Tây Trà, Sơn Tây và Sơn Hà","Ông Nguyễn Hòa Bình","279099","88.93"
"QUẢNG NGÃI","Gồm các huyện: Bình Sơn, Sơn Tịnh, Trà Bồng, Tây Trà, Sơn Tây và Sơn Hà","Bà Hồ Thị Vân","168380","53.65"
"QUẢNG NGÃI","Gồm các huyện: Bình Sơn, Sơn Tịnh, Trà Bồng, Tây Trà, Sơn Tây và Sơn Hà","Bà Võ Thị Mai Vỹ","90311","28.77"
"QUẢNG NGÃI","Gồm các huyện: Bình Sơn, Sơn Tịnh, Trà Bồng, Tây Trà, Sơn Tây và Sơn Hà","Ông Hồ Xuân Tình","87362","27.83"
"QUẢNG NGÃI","Gồm thành phố Quảng Ngãi và các huyện: Tư Nghĩa, Nghĩa Hành, Lý Sơn","Ông Lê Viết Chữ","332401","86.97"
"QUẢNG NGÃI","Gồm thành phố Quảng Ngãi và các huyện: Tư Nghĩa, Nghĩa Hành, Lý Sơn","Bà Đinh Thị Phương Lan","281113","73.55"
"QUẢNG NGÃI","Gồm thành phố Quảng Ngãi và các huyện: Tư Nghĩa, Nghĩa Hành, Lý Sơn","Bà Phạm Thị Thu Trang","272033","71.18"
"QUẢNG NGÃI","Gồm thành phố Quảng Ngãi và các huyện: Tư Nghĩa, Nghĩa Hành, Lý Sơn","Bà Dương Thị Mỹ Dung","150879","39.48"
"QUẢNG NGÃI","Gồm thành phố Quảng Ngãi và các huyện: Tư Nghĩa, Nghĩa Hành, Lý Sơn","Ông Hồ Cao Nhã","91120","23.84"
"QUẢNG NGÃI","Gồm các huyện: Mộ Đức, Đức Phổ, Ba Tơ, Minh Long","Ông Trần Tuấn Anh","218139","84.89"
"QUẢNG NGÃI","Gồm các huyện: Mộ Đức, Đức Phổ, Ba Tơ, Minh Long","Bà Đinh Thị Hồng Minh","182509","71.02"
"QUẢNG NGÃI","Gồm các huyện: Mộ Đức, Đức Phổ, Ba Tơ, Minh Long","Ông Phan Đình Thắng","65547","25.51"
"QUẢNG NGÃI","Gồm các huyện: Mộ Đức, Đức Phổ, Ba Tơ, Minh Long","Bà Đinh Thị Liên","46244","18"
"QUẢNG TRỊ","Gồm các huyện: Vĩnh Linh, Gio Linh, Cam Lộ, Đakrông, Hướng Hóa và huyện đảo Cồn Cỏ","Ông Hà Sỹ Đồng","177730","75.37"
"QUẢNG TRỊ","Gồm các huyện: Vĩnh Linh, Gio Linh, Cam Lộ, Đakrông, Hướng Hóa và huyện đảo Cồn Cỏ","Bà Hồ Thị Minh","145359","61.64"
"QUẢNG TRỊ","Gồm các huyện: Vĩnh Linh, Gio Linh, Cam Lộ, Đakrông, Hướng Hóa và huyện đảo Cồn Cỏ","Ông Đỗ Văn Sinh","144644","61.34"
"QUẢNG TRỊ","Gồm các huyện: Vĩnh Linh, Gio Linh, Cam Lộ, Đakrông, Hướng Hóa và huyện đảo Cồn Cỏ","Ông Hoàng Nam","144613","61.33"
"QUẢNG TRỊ","Gồm các huyện: Vĩnh Linh, Gio Linh, Cam Lộ, Đakrông, Hướng Hóa và huyện đảo Cồn Cỏ","Bà Hồ Thúy Vinh","80461","34.12"
"QUẢNG TRỊ","Gồm thành phố Đông Hà, thị xã Quảng Trị và các huyện: Triệu Phong, Hải Lăng","Ông Nguyễn Chí Dũng","177773","84.02"
"QUẢNG TRỊ","Gồm thành phố Đông Hà, thị xã Quảng Trị và các huyện: Triệu Phong, Hải Lăng","Ông Hoàng Đức Thắng","164077","77.55"
"QUẢNG TRỊ","Gồm thành phố Đông Hà, thị xã Quảng Trị và các huyện: Triệu Phong, Hải Lăng","Bà Mai Thị Kim Nhung","127462","60.24"
"QUẢNG TRỊ","Gồm thành phố Đông Hà, thị xã Quảng Trị và các huyện: Triệu Phong, Hải Lăng","Bà Nguyễn Thị Ngọc Lan","81190","38.37"
"QUẢNG TRỊ","Gồm thành phố Đông Hà, thị xã Quảng Trị và các huyện: Triệu Phong, Hải Lăng","Bà Nguyễn Thị Vĩnh An","70615","33.38"
"SÓC TRĂNG","Gồm thành phố Sóc Trăng, thị xã Ngã Năm và các huyện: Mỹ Tú, Châu Thành, Thạnh Trị","Ông Nguyễn Văn Thể","322217","84.22"
"SÓC TRĂNG","Gồm thành phố Sóc Trăng, thị xã Ngã Năm và các huyện: Mỹ Tú, Châu Thành, Thạnh Trị","Ông Hoàng Thanh Tùng","304485","79.59"
"SÓC TRĂNG","Gồm thành phố Sóc Trăng, thị xã Ngã Năm và các huyện: Mỹ Tú, Châu Thành, Thạnh Trị","Bà Tô Ái Vang","252539","66.01"
"SÓC TRĂNG","Gồm thành phố Sóc Trăng, thị xã Ngã Năm và các huyện: Mỹ Tú, Châu Thành, Thạnh Trị","Bà Quách Tố San","130655","34.15"
"SÓC TRĂNG","Gồm thành phố Sóc Trăng, thị xã Ngã Năm và các huyện: Mỹ Tú, Châu Thành, Thạnh Trị","Ông Thạch Chăm Rơn","128456","33.58"
"SÓC TRĂNG","Gồm các huyện: Kế Sách, Long Phú và Cù Lao Dung","Bà Hồ Thị Cẩm Đào","191529","74.98"
"SÓC TRĂNG","Gồm các huyện: Kế Sách, Long Phú và Cù Lao Dung","Ông Trần Khắc Tâm","119675","46.85"
"SÓC TRĂNG","Gồm các huyện: Kế Sách, Long Phú và Cù Lao Dung","Ông Phạm Thành Nam","91606","35.86"
"SÓC TRĂNG","Gồm các huyện: Kế Sách, Long Phú và Cù Lao Dung","Ông Hồ Văn Thảo","54561","21.36"
"SÓC TRĂNG","Gồm các huyện: Kế Sách, Long Phú và Cù Lao Dung","Bà Huỳnh Lan Phương","52624","20.60"
"SÓC TRĂNG","Gồm thị xã Vĩnh Châu và các huyện: Mỹ Xuyên, Trần Đề","Ông Lý Đức (Thượng tọa Lý Minh Đức)","231882","67.87"
"SÓC TRĂNG","Gồm thị xã Vĩnh Châu và các huyện: Mỹ Xuyên, Trần Đề","Ông Nguyễn Đức Kiên","174077","50.95"
"SÓC TRĂNG","Gồm thị xã Vĩnh Châu và các huyện: Mỹ Xuyên, Trần Đề","Bà Nguyễn Hoàng Tiến","137416","40.22"
"SÓC TRĂNG","Gồm thị xã Vĩnh Châu và các huyện: Mỹ Xuyên, Trần Đề","Ông Nguyễn Phước Minh","73153","21.41"
"SÓC TRĂNG","Gồm thị xã Vĩnh Châu và các huyện: Mỹ Xuyên, Trần Đề","Ông Võ Văn Sự","65233","19.09"
"SƠN LA","Gồm thành phố Sơn La và các huyện: Thuận Châu, Mai Sơn, Yên Châu","Bà Tòng Thị Phóng","307615","92.31"
"SƠN LA","Gồm thành phố Sơn La và các huyện: Thuận Châu, Mai Sơn, Yên Châu","Ông Quàng Văn Hương","263381","79.04"
"SƠN LA","Gồm thành phố Sơn La và các huyện: Thuận Châu, Mai Sơn, Yên Châu","Ông Quàng Văn Lâm","163764","49.15"
"SƠN LA","Gồm thành phố Sơn La và các huyện: Thuận Châu, Mai Sơn, Yên Châu","Bà Vì Thị Mười","151818","45.56"
"SƠN LA","Gồm thành phố Sơn La và các huyện: Thuận Châu, Mai Sơn, Yên Châu","Bà Lò Thị Lân","102791","30.85"
"SƠN LA","Gồm các huyện: Mường La, Sông Mã, Sốp Cộp và Quỳnh Nhai","Ông Nguyễn Đắc Quỳnh","171654","81.37"
"SƠN LA","Gồm các huyện: Mường La, Sông Mã, Sốp Cộp và Quỳnh Nhai","Ông Đinh Công Sỹ","151124","71.64"
"SƠN LA","Gồm các huyện: Mường La, Sông Mã, Sốp Cộp và Quỳnh Nhai","Ông Nguyễn Đức Thịnh","53410","25.32"
"SƠN LA","Gồm các huyện: Mường La, Sông Mã, Sốp Cộp và Quỳnh Nhai","Ông Quách Công Cầm","42833","20.30"
"SƠN LA","Gồm các huyện: Mộc Châu, Vân Hồ, Phù Yên, Bắc Yên","Ông Trương Quang Nghĩa","180811","81.88"
"SƠN LA","Gồm các huyện: Mộc Châu, Vân Hồ, Phù Yên, Bắc Yên","Bà Tráng Thị Xuân","170527","77.23"
"SƠN LA","Gồm các huyện: Mộc Châu, Vân Hồ, Phù Yên, Bắc Yên","Ông Nguyễn Văn Chiến","45036","20.40"
"SƠN LA","Gồm các huyện: Mộc Châu, Vân Hồ, Phù Yên, Bắc Yên","Bà Giàng Thị Giang","42465","19.23"
"TÂY NINH","Gồm các huyện: Bến Cầu, Trảng Bàng, Gò Dầu và Châu Thành","Ông Nguyễn Văn Nên","334203","81.30"
"TÂY NINH","Gồm các huyện: Bến Cầu, Trảng Bàng, Gò Dầu và Châu Thành","Ông Hoàng Đình Chung","274762","66.84"
"TÂY NINH","Gồm các huyện: Bến Cầu, Trảng Bàng, Gò Dầu và Châu Thành","Ông Trịnh Ngọc Phương","267126","64.98"
"TÂY NINH","Gồm các huyện: Bến Cầu, Trảng Bàng, Gò Dầu và Châu Thành","Bà Lê Thị Thu Thảo","187426","45.60"
"TÂY NINH","Gồm các huyện: Bến Cầu, Trảng Bàng, Gò Dầu và Châu Thành","Bà Nguyễn Thị Thúy Ba","155482","37.82"
"TÂY NINH","Gồm thành phố Tây Ninh và các huyện: Hòa Thành, Tân Biên, Tân Châu, Dương Minh Châu","Ông Trần Lưu Quang","364853","74.47"
"TÂY NINH","Gồm thành phố Tây Ninh và các huyện: Hòa Thành, Tân Biên, Tân Châu, Dương Minh Châu","Ông Nguyễn Mạnh Tiến","353342","72.12"
"TÂY NINH","Gồm thành phố Tây Ninh và các huyện: Hòa Thành, Tân Biên, Tân Châu, Dương Minh Châu","Ông Huỳnh Thanh Phương","346099","70.64"
"TÂY NINH","Gồm thành phố Tây Ninh và các huyện: Hòa Thành, Tân Biên, Tân Châu, Dương Minh Châu","Bà Trần Thị Kim Sen","194089","39.61"
"TÂY NINH","Gồm thành phố Tây Ninh và các huyện: Hòa Thành, Tân Biên, Tân Châu, Dương Minh Châu","Bà Trang Thị Kim Liễu","193234","39.44"
"THÁI BÌNH","Gồm các huyện: Vũ Thư, Hưng Hà và Quỳnh Phụ","Ông Nguyễn Hạnh Phúc","434370","88.94"
"THÁI BÌNH","Gồm các huyện: Vũ Thư, Hưng Hà và Quỳnh Phụ","Ông Lê Đình Nhường","400907","82.09"
"THÁI BÌNH","Gồm các huyện: Vũ Thư, Hưng Hà và Quỳnh Phụ","Ông Bùi Quốc Phòng","345430","70.73"
"THÁI BÌNH","Gồm các huyện: Vũ Thư, Hưng Hà và Quỳnh Phụ","Ông Phí Ngọc Thành","152857","31.30"
"THÁI BÌNH","Gồm các huyện: Vũ Thư, Hưng Hà và Quỳnh Phụ","Bà Bùi Thị Hải Yến","118928","24.35"
"THÁI BÌNH","Gồm các huyện: Đông Hưng và Thái Thụy","Bà Nguyễn Thị Thu Dung","242579","73.04"
"THÁI BÌNH","Gồm các huyện: Đông Hưng và Thái Thụy","Ông Bùi Văn Xuyền","211631","63.72"
"THÁI BÌNH","Gồm các huyện: Đông Hưng và Thái Thụy","Ông Nguyễn Văn Thân","199237","59.99"
"THÁI BÌNH","Gồm các huyện: Đông Hưng và Thái Thụy","Ông Phạm Đình Thám","188567","56.78"
"THÁI BÌNH","Gồm các huyện: Đông Hưng và Thái Thụy","Bà Đồng Thị Ngọc Hiền","141300","42.55"
"THÁI BÌNH","Gồm thành phố Thái Bình và các huyện: Tiền Hải, Kiến Xương","Ông Nguyễn Hồng Diên","387095","88.97"
"THÁI BÌNH","Gồm thành phố Thái Bình và các huyện: Tiền Hải, Kiến Xương","Ông Vũ Tiến Lộc","337170","77.49"
"THÁI BÌNH","Gồm thành phố Thái Bình và các huyện: Tiền Hải, Kiến Xương","Ông Phạm Văn Tuân","297662","68.41"
"THÁI BÌNH","Gồm thành phố Thái Bình và các huyện: Tiền Hải, Kiến Xương","Ông Nguyễn Văn Dực","155853","35.82"
"THÁI BÌNH","Gồm thành phố Thái Bình và các huyện: Tiền Hải, Kiến Xương","Bà Đặng Thị Trang","113803","26.16"
"THÁI NGUYÊN","Gồm các huyện: Đại Từ, Định Hóa, Phú Lương","Ông Hoàng Văn Hùng","195489","69.20"
"THÁI NGUYÊN","Gồm các huyện: Đại Từ, Định Hóa, Phú Lương","Bà Lê Thị Nga","154459","54.68"
"THÁI NGUYÊN","Gồm các huyện: Đại Từ, Định Hóa, Phú Lương","Bà Nông Thị Hảo","112319","39.76"
"THÁI NGUYÊN","Gồm các huyện: Đại Từ, Định Hóa, Phú Lương","Bà Hoàng Thị Thư","95522","33.81"
"THÁI NGUYÊN","Gồm thành phố Thái Nguyên và các huyện: Đồng Hỷ, Võ Nhai","Ông Trần Quốc Tỏ","275979","79.62"
"THÁI NGUYÊN","Gồm thành phố Thái Nguyên và các huyện: Đồng Hỷ, Võ Nhai","Ông Phan Văn Tường","241548","69.69"
"THÁI NGUYÊN","Gồm thành phố Thái Nguyên và các huyện: Đồng Hỷ, Võ Nhai","Bà Đoàn Thị Hảo","232323","67.03"
"THÁI NGUYÊN","Gồm thành phố Thái Nguyên và các huyện: Đồng Hỷ, Võ Nhai","Ông Bùi Huy Toàn","167913","48.45"
"THÁI NGUYÊN","Gồm thành phố Thái Nguyên và các huyện: Đồng Hỷ, Võ Nhai","Bà Đàm Thị Xuân","102777","29.65"
"THÁI NGUYÊN","Gồm thành phố Sông Công, thị xã Phổ Yên và huyện Phú Bình","Ông Phạm Bình Minh","231129","83.44"
"THÁI NGUYÊN","Gồm thành phố Sông Công, thị xã Phổ Yên và huyện Phú Bình","Ông Đỗ Đại Phong","155917","56.29"
"THÁI NGUYÊN","Gồm thành phố Sông Công, thị xã Phổ Yên và huyện Phú Bình","Ông Trần Đức Hạnh","105645","38.14"
"THÁI NGUYÊN","Gồm thành phố Sông Công, thị xã Phổ Yên và huyện Phú Bình","Ông Nguyễn Mạnh Thắng","53001","19.13"
"THANH HOÁ","Gồm thành phố Thanh Hóa, thị xã Sầm Sơn và các huyện: Hoằng Hóa, Đông Sơn","Ông Đỗ Trọng Hưng","498299","92.18"
"THANH HOÁ","Gồm thành phố Thanh Hóa, thị xã Sầm Sơn và các huyện: Hoằng Hóa, Đông Sơn","Ông Nguyễn Hữu Quang","474208","87.72"
"THANH HOÁ","Gồm thành phố Thanh Hóa, thị xã Sầm Sơn và các huyện: Hoằng Hóa, Đông Sơn","Bà Cao Thị Xuân","417438","77.22"
"THANH HOÁ","Gồm thành phố Thanh Hóa, thị xã Sầm Sơn và các huyện: Hoằng Hóa, Đông Sơn","Ông Phạm Kim Tân","125121","23.15"
"THANH HOÁ","Gồm thành phố Thanh Hóa, thị xã Sầm Sơn và các huyện: Hoằng Hóa, Đông Sơn","Bà Bùi Thị Thanh","91728","16.97"
"THANH HOÁ","Gồm thị xã Bỉm Sơn và các huyện: Hà Trung, Nga Sơn, Hậu Lộc, Vĩnh Lộc, Thạch Thành","Ông Mai Sỹ Diến","456884","89.31"
"THANH HOÁ","Gồm thị xã Bỉm Sơn và các huyện: Hà Trung, Nga Sơn, Hậu Lộc, Vĩnh Lộc, Thạch Thành","Ông Phạm Trí Thức","437679","85.55"
"THANH HOÁ","Gồm thị xã Bỉm Sơn và các huyện: Hà Trung, Nga Sơn, Hậu Lộc, Vĩnh Lộc, Thạch Thành","Bà Bùi Thị Thủy","381511","74.57"
"THANH HOÁ","Gồm thị xã Bỉm Sơn và các huyện: Hà Trung, Nga Sơn, Hậu Lộc, Vĩnh Lộc, Thạch Thành","Bà Lê Thị Quế","126735","24.77"
"THANH HOÁ","Gồm thị xã Bỉm Sơn và các huyện: Hà Trung, Nga Sơn, Hậu Lộc, Vĩnh Lộc, Thạch Thành","Bà Cầm Thị Lan","115978","22.67"
"THANH HOÁ","Gồm các huyện: Quảng Xương, Nông Cống, Tĩnh Gia, Như Xuân và Như Thanh","Ông Vũ Xuân Hùng","505749","90.68"
"THANH HOÁ","Gồm các huyện: Quảng Xương, Nông Cống, Tĩnh Gia, Như Xuân và Như Thanh","Ông Bùi Sỹ Lợi","495354","88.82"
"THANH HOÁ","Gồm các huyện: Quảng Xương, Nông Cống, Tĩnh Gia, Như Xuân và Như Thanh","Bà Phạm Thị Thanh Thủy","411129","73.72"
"THANH HOÁ","Gồm các huyện: Quảng Xương, Nông Cống, Tĩnh Gia, Như Xuân và Như Thanh","Bà Nguyễn Thị Thành","118136","21.18"
"THANH HOÁ","Gồm các huyện: Quảng Xương, Nông Cống, Tĩnh Gia, Như Xuân và Như Thanh","Ông Lê Văn Tám","117419","21.05"
"THANH HOÁ","Gồm các huyện: Triệu Sơn, Thiệu Hóa, Yên Định và Thọ Xuân","Ông Uông Chu Lưu","449698","88.42"
"THANH HOÁ","Gồm các huyện: Triệu Sơn, Thiệu Hóa, Yên Định và Thọ Xuân","Ông Lê Minh Thông","404274","79.49"
"THANH HOÁ","Gồm các huyện: Triệu Sơn, Thiệu Hóa, Yên Định và Thọ Xuân","Ông Lê Văn Sỹ","396207","77.90"
"THANH HOÁ","Gồm các huyện: Triệu Sơn, Thiệu Hóa, Yên Định và Thọ Xuân","Bà Phạm Thị Lý","135762","26.69"
"THANH HOÁ","Gồm các huyện: Triệu Sơn, Thiệu Hóa, Yên Định và Thọ Xuân","Bà Ngô Thị Đặng","120309","23.65"
"THANH HOÁ","Gồm các huyện: Quan Hóa, Quan Sơn, Mường Lát, Lang Chánh, Bá Thước, Ngọc Lặc, Thường Xuân và Cẩm Thủy","Ông Đào Ngọc Dung","378885","88.24"
"THANH HOÁ","Gồm các huyện: Quan Hóa, Quan Sơn, Mường Lát, Lang Chánh, Bá Thước, Ngọc Lặc, Thường Xuân và Cẩm Thủy","Bà Cầm Thị Mẫn","332309","77.40"
"THANH HOÁ","Gồm các huyện: Quan Hóa, Quan Sơn, Mường Lát, Lang Chánh, Bá Thước, Ngọc Lặc, Thường Xuân và Cẩm Thủy","Bà Trần Thị Hạnh","77003","17.93"
"THANH HOÁ","Gồm các huyện: Quan Hóa, Quan Sơn, Mường Lát, Lang Chánh, Bá Thước, Ngọc Lặc, Thường Xuân và Cẩm Thủy","Ông Hoàng Văn Tuân","67129","15.63"
"THỪA THIÊN HUẾ","Gồm thị xã Hương Trà và các huyện: Phong Điền, Quảng Điền, A Lưới","Ông Nguyễn Ngọc Thiện","234629","88.28"
"THỪA THIÊN HUẾ","Gồm thị xã Hương Trà và các huyện: Phong Điền, Quảng Điền, A Lưới","Ông Phan Ngọc Thọ","202087","76.04"
"THỪA THIÊN HUẾ","Gồm thị xã Hương Trà và các huyện: Phong Điền, Quảng Điền, A Lưới","Bà Phạm Thị Thanh Tâm","46971","17.67"
"THỪA THIÊN HUẾ","Gồm thị xã Hương Trà và các huyện: Phong Điền, Quảng Điền, A Lưới","Bà Nguyễn Thị Hải Vân","45661","17.18"
"THỪA THIÊN HUẾ","Gồm thành phố Huế và thị xã Hương Thuỷ","Ông Nguyễn Hội (Hòa thượng Thích Chơn Thiện)","273375","77.83"
"THỪA THIÊN HUẾ","Gồm thành phố Huế và thị xã Hương Thuỷ","Ông Bùi Đức Hạnh","254987","72.59"
"THỪA THIÊN HUẾ","Gồm thành phố Huế và thị xã Hương Thuỷ","Ông Phạm Như Hiệp","238792","67.98"
"THỪA THIÊN HUẾ","Gồm thành phố Huế và thị xã Hương Thuỷ","Bà Nguyễn Tâm Nhân","141461","40.27"
"THỪA THIÊN HUẾ","Gồm thành phố Huế và thị xã Hương Thuỷ","Bà Phạm Thị Kim Oanh (Phạm Thị Kiều Oanh)","117861","33.55"
"THỪA THIÊN HUẾ","Gồm các huyện: Phú Vang, Phú Lộc và Nam Đông","Ông Đặng Ngọc Nghĩa","200014","78.40"
"THỪA THIÊN HUẾ","Gồm các huyện: Phú Vang, Phú Lộc và Nam Đông","Ông Nguyễn Chí Tài","184716","72.40"
"THỪA THIÊN HUẾ","Gồm các huyện: Phú Vang, Phú Lộc và Nam Đông","Bà Trần Thị Thùy Yên","67729","26.55"
"THỪA THIÊN HUẾ","Gồm các huyện: Phú Vang, Phú Lộc và Nam Đông","Ông Lê Thanh Hồ","54972","21.55"
"TIỀN GIANG","Gồm thị xã Cai Lậy và các huyện: Cái Bè, Cai Lậy","Ông Nguyễn Minh Sơn","393404","76.49"
"TIỀN GIANG","Gồm thị xã Cai Lậy và các huyện: Cái Bè, Cai Lậy","Ông Võ Văn Bình","352887","68.61"
"TIỀN GIANG","Gồm thị xã Cai Lậy và các huyện: Cái Bè, Cai Lậy","Bà Nguyễn Kim Tuyến","333520","64.85"
"TIỀN GIANG","Gồm thị xã Cai Lậy và các huyện: Cái Bè, Cai Lậy","Ông Nguyễn Phương Toàn","256855","49.94"
"TIỀN GIANG","Gồm thị xã Cai Lậy và các huyện: Cái Bè, Cai Lậy","Bà Trần Thị Bé Bảy","197264","38.35"
"TIỀN GIANG","Gồm thành phố Mỹ Tho và các huyện: Tân Phước, Châu Thành","Ông Nguyễn Thanh Hải","261788","61.88"
"TIỀN GIANG","Gồm thành phố Mỹ Tho và các huyện: Tân Phước, Châu Thành","Ông Nguyễn Hoàng Mai","228159","53.93"
"TIỀN GIANG","Gồm thành phố Mỹ Tho và các huyện: Tân Phước, Châu Thành","Ông Phan Thanh Vân","180059","42.56"
"TIỀN GIANG","Gồm thành phố Mỹ Tho và các huyện: Tân Phước, Châu Thành","Bà Nguyễn Thị Hạnh","171635","40.57"
"TIỀN GIANG","Gồm thị xã Gò Công và các huyện: Chợ Gạo, Gò Công Tây, Gò Công Đông, Tân Phú Đông","Ông Nguyễn Trọng Nghĩa","392072","77.88"
"TIỀN GIANG","Gồm thị xã Gò Công và các huyện: Chợ Gạo, Gò Công Tây, Gò Công Đông, Tân Phú Đông","Ông Tạ Minh Tâm","303003","60.18"
"TIỀN GIANG","Gồm thị xã Gò Công và các huyện: Chợ Gạo, Gò Công Tây, Gò Công Đông, Tân Phú Đông","Ông Lê Quang Trí","296243","58.84"
"TIỀN GIANG","Gồm thị xã Gò Công và các huyện: Chợ Gạo, Gò Công Tây, Gò Công Đông, Tân Phú Đông","Bà Đặng Thị Ngọc Điệp","284411","56.49"
"TIỀN GIANG","Gồm thị xã Gò Công và các huyện: Chợ Gạo, Gò Công Tây, Gò Công Đông, Tân Phú Đông","Bà Lê Thanh Lan","225549","44.80"
"TRÀ VINH","Gồm thành phố Trà Vinh và các huyện: Càng Long, Cầu Kè, Tiểu Cần","Ông Ngô Chí Cường","271948","78.08"
"TRÀ VINH","Gồm thành phố Trà Vinh và các huyện: Càng Long, Cầu Kè, Tiểu Cần","Ông Thạch Phước Bình","202329","58.09"
"TRÀ VINH","Gồm thành phố Trà Vinh và các huyện: Càng Long, Cầu Kè, Tiểu Cần","Bà Tăng Thị Ngọc Mai","197957","56.84"
"TRÀ VINH","Gồm thành phố Trà Vinh và các huyện: Càng Long, Cầu Kè, Tiểu Cần","Ông Lê Văn Hồng Anh","197231","56.63"
"TRÀ VINH","Gồm thành phố Trà Vinh và các huyện: Càng Long, Cầu Kè, Tiểu Cần","Ông Sa Văn Khiêm","168175","48.28"
"TRÀ VINH","Gồm thị xã Duyên Hải và các huyện: Châu Thành, Cầu Ngang, Trà Cú, Duyên Hải","Ông Nguyễn Thiện Nhân","364988","84.87"
"TRÀ VINH","Gồm thị xã Duyên Hải và các huyện: Châu Thành, Cầu Ngang, Trà Cú, Duyên Hải","Ông Hứa Văn Nghĩa","264822","61.58"
"TRÀ VINH","Gồm thị xã Duyên Hải và các huyện: Châu Thành, Cầu Ngang, Trà Cú, Duyên Hải","Bà Trần Thị Huyền Trân","235479","54.76"
"TRÀ VINH","Gồm thị xã Duyên Hải và các huyện: Châu Thành, Cầu Ngang, Trà Cú, Duyên Hải","Bà Thạch Thị Thu Hà","218924","50.91"
"TRÀ VINH","Gồm thị xã Duyên Hải và các huyện: Châu Thành, Cầu Ngang, Trà Cú, Duyên Hải","Bà Trần Thị Hải Yến","196309","45.65"
"TUYÊN QUANG","Gồm các huyện: Na Hang, Lâm Bình và Chiêm Hóa","Ông Chẩu Văn Lâm","123936","82.42"
"TUYÊN QUANG","Gồm các huyện: Na Hang, Lâm Bình và Chiêm Hóa","Bà Hứa Thị Hà","98766","65.68"
"TUYÊN QUANG","Gồm các huyện: Na Hang, Lâm Bình và Chiêm Hóa","Ông Nguyễn Khánh Tịnh","38373","25.52"
"TUYÊN QUANG","Gồm các huyện: Na Hang, Lâm Bình và Chiêm Hóa","Ông Nguyễn Xuân Yên","38315","25.48"
"TUYÊN QUANG","Gồm các huyện: Hàm Yên và Yên Sơn","Ông Hoàng Bình Quân","149747","74"
"TUYÊN QUANG","Gồm các huyện: Hàm Yên và Yên Sơn","Bà Ma Thị Thúy","116468","57.55"
"TUYÊN QUANG","Gồm các huyện: Hàm Yên và Yên Sơn","Bà Nguyễn Thị Hoài Yên","71956","35.56"
"TUYÊN QUANG","Gồm các huyện: Hàm Yên và Yên Sơn","Ông Đào Quang Uy","64166","31.71"
"TUYÊN QUANG","Gồm thành phố Tuyên Quang và huyện Sơn Dương","Ông Đỗ Văn Chiến","167240","79.83"
"TUYÊN QUANG","Gồm thành phố Tuyên Quang và huyện Sơn Dương","Bà Âu Thị Mai","131731","62.88"
"TUYÊN QUANG","Gồm thành phố Tuyên Quang và huyện Sơn Dương","Bà Vi Thị Nghiệp","64347","30.72"
"TUYÊN QUANG","Gồm thành phố Tuyên Quang và huyện Sơn Dương","Bà Ma Thị Thao","52501","25.06"
"VĨNH LONG","Gồm thành phố Vĩnh Long và các huyện: Long Hồ, Mang Thít, Tam Bình","Bà Đặng Thị Ngọc Thịnh","368540","82.80"
"VĨNH LONG","Gồm thành phố Vĩnh Long và các huyện: Long Hồ, Mang Thít, Tam Bình","Bà Nguyễn Thị Quyên Thanh","282623","63.49"
"VĨNH LONG","Gồm thành phố Vĩnh Long và các huyện: Long Hồ, Mang Thít, Tam Bình","Ông Lưu Thành Công","264840","59.50"
"VĨNH LONG","Gồm thành phố Vĩnh Long và các huyện: Long Hồ, Mang Thít, Tam Bình","Ông Nguyễn Văn Bé Hai","233463","52.45"
"VĨNH LONG","Gồm thành phố Vĩnh Long và các huyện: Long Hồ, Mang Thít, Tam Bình","Bà Lý Kiều Diễm","173378","38.95"
"VĨNH LONG","Gồm thị xã Bình Minh và các huyện: Bình Tân, Trà Ôn, ","Ông Trần Văn Rón","275782","75.17"
"VĨNH LONG","Gồm thị xã Bình Minh và các huyện: Bình Tân, Trà Ôn, ","Ông Phạm Tất Thắng","260422","70.99"
"VĨNH LONG","Gồm thị xã Bình Minh và các huyện: Bình Tân, Trà Ôn, ","Bà Nguyễn Thị Minh Trang","236381","64.43"
"VĨNH LONG","Gồm thị xã Bình Minh và các huyện: Bình Tân, Trà Ôn, ","Ông Lê Đức Vĩnh Tuyên","204315","55.69"
"VĨNH LONG","Gồm thị xã Bình Minh và các huyện: Bình Tân, Trà Ôn, ","Bà Sơn Thị Gandhi","114672","31.26"
"VĨNH PHÚC","Gồm thành phố Vĩnh Yên, Thị xã Phúc Yên, các huyện: Vĩnh Tường, Yên Lạc","Bà Hoàng Thị Thúy Lan","355013","87.91"
"VĨNH PHÚC","Gồm thành phố Vĩnh Yên, Thị xã Phúc Yên, các huyện: Vĩnh Tường, Yên Lạc","Ông Trần Văn Tiến","294311","72.88"
"VĨNH PHÚC","Gồm thành phố Vĩnh Yên, Thị xã Phúc Yên, các huyện: Vĩnh Tường, Yên Lạc","Bà Phùng Thị Thường","206504","51.14"
"VĨNH PHÚC","Gồm thành phố Vĩnh Yên, Thị xã Phúc Yên, các huyện: Vĩnh Tường, Yên Lạc","Ông Nguyễn Văn Long","180111","44.60"
"VĨNH PHÚC","Gồm thành phố Vĩnh Yên, Thị xã Phúc Yên, các huyện: Vĩnh Tường, Yên Lạc","Bà Nguyễn Thị Xuân Mai","159357","39.46"
"VĨNH PHÚC","Gồm các huyện: Bình Xuyên, Tam Dương, Tam Đảo, Lập Thạch và Sông Lô","Ông Lưu Đức Long","314288","80.99"
"VĨNH PHÚC","Gồm các huyện: Bình Xuyên, Tam Dương, Tam Đảo, Lập Thạch và Sông Lô","Ông Trần Hồng Hà","309924","79.87"
"VĨNH PHÚC","Gồm các huyện: Bình Xuyên, Tam Dương, Tam Đảo, Lập Thạch và Sông Lô","Bà Lê Thị Nguyệt","255754","65.91"
"VĨNH PHÚC","Gồm các huyện: Bình Xuyên, Tam Dương, Tam Đảo, Lập Thạch và Sông Lô","Bà Ngô Thị Linh","137055","35.32"
"VĨNH PHÚC","Gồm các huyện: Bình Xuyên, Tam Dương, Tam Đảo, Lập Thạch và Sông Lô","Bà Đào Thị Tâm","120476","31.05"
"YÊN BÁI","Gồm thành phố Yên Bái và các huyện: Yên Bình, Trấn Yên, Lục Yên","Ông Giàng A Chu","260532","88.66"
"YÊN BÁI","Gồm thành phố Yên Bái và các huyện: Yên Bình, Trấn Yên, Lục Yên","Ông Dương Văn Thống","250722","85.33"
"YÊN BÁI","Gồm thành phố Yên Bái và các huyện: Yên Bình, Trấn Yên, Lục Yên","Bà Nguyễn Thị Vân","228063","77.61"
"YÊN BÁI","Gồm thành phố Yên Bái và các huyện: Yên Bình, Trấn Yên, Lục Yên","Bà Nguyễn Thị Ngà","67478","22.96"
"YÊN BÁI","Gồm thành phố Yên Bái và các huyện: Yên Bình, Trấn Yên, Lục Yên","Bà Phạm Thị Tâm","65679","22.35"
"YÊN BÁI","Gồm thị xã Nghĩa Lộ và các huyện: Văn Chấn, Trạm Tấu, Mù Cang Chải, Văn Yên","Ông Trần Quốc Vượng","248249","94.18"
"YÊN BÁI","Gồm thị xã Nghĩa Lộ và các huyện: Văn Chấn, Trạm Tấu, Mù Cang Chải, Văn Yên","Ông Đinh Đăng Luận","237937","90.27"
"YÊN BÁI","Gồm thị xã Nghĩa Lộ và các huyện: Văn Chấn, Trạm Tấu, Mù Cang Chải, Văn Yên","Bà Triệu Thị Huyền","228041","86.52"
"YÊN BÁI","Gồm thị xã Nghĩa Lộ và các huyện: Văn Chấn, Trạm Tấu, Mù Cang Chải, Văn Yên","Bà Đặng Thị Tâm","35136","13.33"
"YÊN BÁI","Gồm thị xã Nghĩa Lộ và các huyện: Văn Chấn, Trạm Tấu, Mù Cang Chải, Văn Yên","Bà Bàn Thị Khách","33888","12.86"
